carat,cut,color,clarity,depth,table,x,y,z,sample_id
0.71,4,4,4,63,54,5.69,5.64,3.57,2609
0.71,4,2,3,63,58,5.72,5.68,3.59,2369
0.34,2,2,3,63.9,56,4.44,4.48,2.85,1177
1.09,4,5,4,62.6,56,6.62,6.55,4.12,1098
0.9,5,5,5,62.2,58,6.14,6.17,3.83,1252
0.34,3,1,4,60,59,4.5,4.56,2.72,3218
0.34,3,2,2,63.1,56,4.51,4.46,2.83,634
0.37,4,4,4,60.7,57,4.69,4.64,2.83,2097
0.51,5,4,3,61.5,55.5,5.13,5.19,3.17,1152
2.01,2,5,4,63.3,55,7.87,7.94,5,1327
1.01,3,5,2,63.5,58,6.29,6.37,4.02,2072
1.19,3,5,5,62.4,59,6.73,6.79,4.22,356
1.13,4,1,2,62,58,6.64,6.68,4.13,1625
0.31,5,2,4,61.6,56,4.32,4.38,2.68,165
0.93,4,7,4,61.1,59,6.34,6.32,3.87,2670
1.01,2,6,5,64.2,60,6.35,6.27,4.05,2458
0.57,5,2,4,62.9,57,5.29,5.26,3.32,1903
0.2,3,2,4,63.4,59,3.74,3.71,2.36,899
1.03,1,6,3,57.4,61,6.67,6.71,3.84,601
1,3,4,2,63.3,56,6.38,6.29,4.01,1307
1.09,5,7,4,62.5,55,6.64,6.58,4.13,932
1.2,5,3,7,62,56,6.76,6.82,4.21,997
0.35,5,4,4,61.3,56,4.54,4.58,2.8,2015
1.5,5,2,3,62,55,7.4,7.32,4.56,621
1.01,4,4,4,62.4,58,6.38,6.41,3.99,1541
0.42,3,5,4,59,57,4.92,4.95,2.91,860
0.9,2,4,2,63.3,59,6.07,6.12,3.86,259
1.01,4,3,4,62.7,58,6.39,6.4,4.01,1338
1.25,4,5,3,62.2,57,6.91,6.85,4.28,481
1.2,2,2,3,59.9,64,6.84,6.79,4.08,1322
1.52,5,4,3,63,55,7.31,7.38,4.63,3226
1.1,3,2,2,60,58,6.72,6.75,4.04,299
1.01,3,2,4,62.9,58,6.37,6.47,4.04,2454
1.21,3,5,3,60.4,58,6.91,6.96,4.19,2362
1,3,2,2,63.5,56,6.37,6.3,4.02,1316
0.47,5,1,7,62,54,4.99,5.01,3.1,836
0.29,5,5,7,62.1,55,4.28,4.3,2.66,982
0.3,5,1,6,62.1,57,4.27,4.3,2.66,2194
1.06,4,3,3,62.1,58,6.5,6.52,4.04,1372
1.12,4,4,5,58.4,58,6.87,6.84,4,2245
0.56,5,2,2,61.9,55,5.32,5.34,3.3,1540
0.7,1,5,6,64.5,65,5.52,5.45,3.54,2274
0.72,5,3,3,61.5,58,5.72,5.76,3.53,2552
0.25,3,2,4,59.7,61,4.08,4.1,2.44,3032
0.71,2,2,2,58.8,63,5.75,5.88,3.42,727
0.43,4,2,2,60.8,58,4.88,4.86,2.96,945
2.09,5,6,2,61.2,57,8.19,8.27,5.04,2970
0.32,5,2,7,61.9,55,4.41,4.38,2.72,626
0.7,2,2,3,64.3,57,5.63,5.56,3.6,262
0.34,2,2,4,57,61,6.65,4.61,2.64,2438
1,2,4,4,58.6,65,6.61,6.53,3.85,130
0.3,4,2,2,61.7,61,4.33,4.29,2.66,1396
0.52,3,5,4,61.4,55,5.19,5.24,3.2,1027
0.26,3,5,6,62.5,56,4.07,4.09,2.55,374
0.3,4,4,2,62.5,59,4.27,4.31,2.68,2818
1.03,3,5,2,61.3,56,6.5,6.53,3.99,1015
0.52,4,4,7,61.9,61,5.13,5.11,3.17,1894
0.73,5,5,3,62,55,5.76,5.85,3.6,2746
0.37,5,4,4,61.3,57,4.6,4.64,2.83,650
0.3,2,2,3,63.8,55,4.28,4.25,2.72,2088
0.32,3,6,5,63.2,54,4.42,4.38,2.78,517
0.28,4,4,6,60.2,60,4.24,4.26,2.56,33
1.2,3,5,3,61.6,61,6.81,6.77,4.18,3191
0.26,2,3,7,63.3,57,4.05,4.07,2.57,103
0.74,4,3,4,62.3,58,5.77,5.72,3.58,3232
1.51,5,7,3,61.4,57,7.38,7.43,4.55,2157
0.3,3,1,3,61,61,4.27,4.29,2.61,3050
1.09,5,4,4,62.4,55,6.61,6.56,4.11,1353
1.22,4,3,3,62.5,59,6.83,6.78,4.25,1693
1.14,4,1,2,62.4,58,6.67,6.7,4.17,76
1.34,5,5,4,60.8,55,7.18,7.12,4.35,3028
0.8,4,1,3,62.9,60,5.94,5.89,3.72,1801
0.4,3,4,7,61.7,58,4.69,4.71,2.9,1515
0.71,2,7,5,63.3,55,5.62,5.66,3.57,2781
0.34,5,2,4,62.4,56,4.49,4.45,2.79,16
1,4,2,2,61.2,60,6.45,6.42,3.94,1381
0.26,3,2,4,63.2,56,4.06,4.1,2.58,3054
0.71,4,1,2,62.8,57,5.69,5.64,3.56,1349
0.34,4,1,3,62.4,58,4.46,4.42,2.77,988
1.02,3,5,4,60.6,60,6.55,6.48,3.95,82
0.83,4,1,3,62.2,60,6.01,5.98,3.73,1944
0.75,4,2,3,59.9,54,6,5.96,3.58,1905
1.2,5,5,2,61,57,6.84,6.9,4.19,914
1.59,3,1,4,61.4,60,7.47,7.6,4.63,325
1.03,3,4,5,60.6,58,6.48,6.55,3.95,1646
0.42,5,4,8,61.5,56,4.84,4.85,2.98,2999
0.32,5,5,4,61.3,56,4.42,4.45,2.72,2344
0.38,5,3,4,62,56,4.66,4.63,2.88,149
0.3,2,2,6,59.5,59,4.35,4.39,2.6,3044
0.9,4,6,3,63,58,6.09,6.01,3.81,1593
0.26,3,3,4,58.7,59,4.14,4.27,2.47,100
1.52,2,7,4,63.3,56,7.27,7.33,4.62,999
0.74,5,3,5,62,54.8,5.81,5.83,3.61,2346
1.06,5,6,2,61.4,57,6.57,6.63,4.05,2450
1.51,5,5,5,60.8,57,7.43,7.46,4.53,91
1.01,2,2,7,63.1,59,6.31,6.34,3.99,2829
1,5,4,2,62.8,57,6.37,6.31,3.98,1078
1.5,1,2,5,65.4,57,7.14,7.07,4.65,2899
0.31,5,4,7,62,55,4.34,4.37,2.7,2336
1.01,3,4,5,63.2,58,6.38,6.34,4.02,720
0.4,3,1,6,58.3,59,4.88,4.9,2.85,1782
1.01,5,3,5,62.2,57,6.38,6.48,4,2108
0.3,4,5,4,61.1,61,4.32,4.29,2.63,1309
0.9,4,6,5,60.7,58,6.3,6.19,3.79,2897
2.15,5,4,2,62.6,54,8.29,8.35,5.21,1644
0.45,5,1,3,60.6,55,4.99,4.97,3.02,3017
1.02,4,3,2,62.5,60,6.43,6.36,4,2425
1.75,4,3,4,61.4,58,7.76,7.72,4.75,1877
0.35,5,1,2,61.8,57,4.57,4.53,2.81,2686
1.75,3,7,5,61.5,59,7.75,7.83,4.79,427
0.43,3,3,5,61,57,4.84,4.89,2.97,2490
0.75,3,2,6,62.8,57,5.74,5.78,3.62,1136
1.02,2,5,3,63.4,57,6.36,6.42,4.05,584
1.01,2,4,4,58.9,61,6.46,6.55,3.83,951
1.09,4,4,3,61.8,59,6.59,6.53,4.06,1537
1.01,3,6,3,60.1,59,6.44,6.47,3.88,1165
1.15,5,1,4,58.5,57,6.96,6.93,4.06,1742
0.33,5,2,5,60,57,4.5,4.47,2.69,1925
1,4,2,2,62.6,60,6.35,6.33,3.97,3131
1.2,3,3,4,61.8,58,6.75,6.78,4.18,311
0.31,5,4,8,60.2,59,4.37,4.4,2.64,2960
0.3,4,4,6,61.2,58,4.32,4.34,2.65,474
0.8,5,1,2,61.9,54,5.98,5.96,3.7,2859
0.71,2,3,4,57.8,60,5.87,5.9,3.4,1578
0.4,5,2,4,62.2,56,4.74,4.72,2.94,2090
0.36,5,1,3,62.7,57,4.54,4.59,2.86,760
1.05,5,5,2,61.2,57,6.59,6.54,4.02,1889
0.54,3,1,6,62.1,55,5.21,5.26,3.25,1275
1.31,4,5,4,62.1,58,7.01,6.86,4.31,3168
0.34,5,4,7,61.3,55,4.54,4.56,2.79,25
0.5,5,2,4,60,57,5.15,5.12,3.08,1907
0.77,3,4,7,62.7,54,5.84,5.89,3.67,703
1.23,5,5,5,62.1,54,6.87,6.89,4.27,2574
0.51,5,4,6,62.1,58,5.09,5.12,3.17,623
0.56,2,2,5,59.8,61,5.35,5.36,3.2,2310
1.16,5,2,2,62.7,56,6.69,6.73,4.21,943
0.46,2,3,5,56.5,61,5.11,5.05,2.87,3205
0.52,4,2,5,61.7,58,5.17,5.11,3.17,2768
0.71,3,2,4,63.7,58,5.6,5.64,3.58,2417
0.38,4,5,5,61.6,58,4.7,4.65,2.88,2560
2.06,4,4,2,60.7,58,8.18,8.25,4.99,2806
1.16,4,5,2,58.8,61,6.93,6.84,4.05,754
0.82,5,1,4,62.4,54,5.99,6.02,3.75,799
1.02,5,2,4,62.7,56,6.38,6.44,4.02,1954
1.01,4,4,4,61.2,59,6.43,6.37,3.92,2910
0.8,5,4,4,62.1,57,5.95,6,3.71,1248
1.5,3,4,2,58.5,62,7.4,7.44,4.34,2822
0.35,4,6,5,60.7,62,4.59,4.53,2.77,294
0.9,3,4,5,61.7,60,6.11,6.2,3.8,607
2.04,4,7,4,61.4,59,8.04,8.14,4.97,2812
0.34,5,5,5,62.5,57,4.46,4.43,2.78,2831
0.91,5,3,2,62.7,57,6.16,6.21,3.88,546
1.11,4,6,2,61.8,58,6.61,6.66,4.1,2474
1.14,5,4,8,59,59,6.81,6.91,4.05,471
0.72,4,2,4,63,55,5.79,5.61,3.59,2236
1.54,4,3,2,62.8,57,7.36,7.28,4.6,254
0.82,4,5,2,60.4,58,6.11,6.07,3.68,268
0.53,5,6,4,62.2,56,5.15,5.2,3.22,640
1.7,3,5,4,63.3,57,7.59,7.54,4.79,2089
2.05,4,2,2,62.5,56,8.17,8.08,5.08,2872
0.39,3,2,4,60.9,58,4.72,4.77,2.89,664
0.43,3,1,3,61,57,4.85,4.88,2.97,1122
2.3,4,7,3,59.6,59,8.61,8.56,5.12,2585
0.41,2,3,3,64.4,56,4.69,4.72,3.03,348
0.32,5,4,4,61.4,55,4.4,4.46,2.72,2155
0.32,5,3,7,61.4,56,4.38,4.42,2.7,317
1.01,4,4,6,62.4,59,6.37,6.32,3.96,1982
0.32,4,4,3,61.6,58,4.4,4.36,2.7,162
0.7,4,2,5,62.9,61,5.65,5.57,3.53,636
0.45,2,3,5,58.6,62.2,5,5.05,2.95,2754
0.33,5,3,6,62.2,56,4.43,4.45,2.76,1631
0.33,2,4,8,57.9,60,4.57,4.55,2.64,1568
0.31,4,4,6,62.2,59,4.32,4.36,2.7,906
1.04,3,3,2,63.1,60,6.42,6.35,4.03,1721
1,3,5,2,59.1,62,6.47,6.5,3.83,796
0.91,3,5,4,62.8,58,6.15,6.17,3.87,2678
1.01,5,2,3,61.1,57,6.5,6.47,3.96,1162
0.3,3,6,3,63.5,57,4.26,4.24,2.7,3057
0.4,3,3,6,62.8,57,4.66,4.73,2.95,2821
0.51,5,2,4,60.4,57,5.15,5.18,3.12,1571
0.9,2,5,4,64,57,6.14,6.11,3.92,78
0.5,1,2,4,66.3,55,4.98,4.94,3.29,526
1.26,5,2,5,61.2,56,6.97,6.93,4.25,2531
0.84,4,2,4,62.4,60,5.98,6.04,3.75,2230
1,4,4,4,59.3,60,6.55,6.51,3.87,1151
0.33,5,2,4,61.9,54,4.42,4.47,2.75,1579
0.52,2,4,3,64.3,61,5.01,4.97,3.21,3040
0.91,2,5,6,65.5,57,6.01,6.11,3.97,337
0.3,3,5,4,62.6,57,4.25,4.28,2.67,539
0.9,3,2,4,62.2,56,6.12,6.17,3.82,1566
0.9,2,4,4,64,59,6.04,6.08,3.88,2916
0.73,3,1,3,62.2,57,5.74,5.78,3.58,2260
0.33,4,4,5,62.8,58,4.41,4.38,2.76,1611
1.04,5,2,2,61.1,56,6.55,6.51,3.99,201
0.93,4,1,2,62.6,57,6.26,6.2,3.9,1425
1.1,4,2,2,59.1,60,6.77,6.7,3.98,62
2.05,4,2,2,59.7,59,8.27,8.39,4.97,1293
1.01,5,4,4,59.7,57,6.49,6.44,3.86,3214
1.01,3,5,2,60.6,61,6.38,6.45,3.89,1406
0.31,2,3,4,63.9,56,4.32,4.29,2.75,3236
0.9,2,4,4,63.6,58,6.12,6.08,3.88,573
0.4,4,2,4,59.3,59,4.77,4.81,2.84,1793
0.36,5,2,6,62.1,56,4.53,4.58,2.83,540
0.41,5,1,5,61.8,57,4.75,4.8,2.95,2
0.32,5,4,5,61.4,56,4.42,4.47,2.73,671
0.52,5,1,4,62.3,54,5.19,5.14,3.22,3052
0.79,4,5,5,60,60,6.07,5.99,3.64,771
1.02,4,5,2,58.3,59,6.61,6.57,3.84,741
0.41,5,6,7,61.3,56,4.85,4.8,2.96,2317
0.7,4,4,3,61.6,58,5.71,5.65,3.5,1036
0.7,3,3,2,63.2,59,5.66,5.61,3.56,705
0.35,4,2,3,62.7,57,4.52,4.47,2.82,670
0.38,4,3,4,60.5,59,4.67,4.72,2.84,1587
1.19,4,2,1,60.2,61,6.91,6.87,4.15,444
0.54,5,5,7,61.8,55,5.21,5.24,3.23,1887
1.23,5,4,4,62.4,57,6.83,6.88,4.28,2725
0.73,3,3,3,59.4,60,5.84,5.87,3.48,1848
1.61,5,2,2,61.6,56,7.54,7.62,4.67,3116
0.58,5,1,5,61.8,56,5.34,5.37,3.31,1034
1.03,5,4,5,61.7,54,6.49,6.52,4.01,3015
0.74,3,2,4,61.4,63,5.79,5.77,3.55,1225
1.33,4,4,4,58.6,61,7.21,7.17,4.21,1769
0.47,3,7,5,63,60,4.92,4.95,3.11,1945
1.5,4,4,3,62.3,58,7.33,7.27,4.55,2898
0.7,3,4,5,63,60,5.57,5.64,3.53,181
0.9,3,1,4,62.3,56,6.14,6.18,3.84,751
0.43,4,1,2,62.6,58,4.82,4.79,3.01,1308
1.28,5,6,2,61.7,59,6.96,6.92,4.28,1788
1.77,5,1,2,60.9,53,7.92,7.85,4.8,463
0.81,4,4,2,59,57,6.14,6.1,3.61,2653
0.9,3,1,3,61,63,6.13,6.1,3.73,1337
1.8,3,7,3,61.4,55,7.86,7.8,4.81,2132
1.01,3,2,4,63.3,58,6.38,6.35,4.03,464
1.47,4,4,4,62.8,57,7.27,7.22,4.55,984
1.7,4,4,2,58.9,62,7.79,7.72,4.57,225
1.71,4,6,5,60.3,62,7.76,7.7,4.66,1126
0.9,5,3,1,61.8,57,6.13,6.2,3.81,2219
1.34,1,4,2,64.7,55,7.03,6.97,4.53,489
0.56,5,5,4,61.2,57,5.29,5.33,3.25,3190
0.23,3,3,6,62,58,3.89,3.92,2.42,2742
0.64,1,3,4,57,62.5,5.67,5.78,3.26,2004
0.63,4,7,3,61.9,59,5.49,5.47,3.39,1591
0.32,4,5,6,62.2,58,4.33,4.38,2.71,1850
1.04,4,4,5,60.2,58,6.65,6.64,4,1709
1.01,4,4,5,62.6,59,6.38,6.43,4.01,1231
0.7,1,4,4,65.3,57,5.58,5.47,3.61,1109
0.7,3,4,3,63.3,57,5.58,5.63,3.55,3093
0.33,3,2,3,60.2,58,4.49,4.55,2.72,153
0.38,4,5,4,60.5,59,4.69,4.66,2.83,1934
0.33,5,3,7,61.9,55,4.46,4.47,2.76,2288
1.5,4,6,2,62.8,57,7.34,7.25,4.58,49
0.62,4,4,5,59.8,58,5.55,5.58,3.33,156
0.4,4,4,3,59.2,61,4.81,4.78,2.84,2322
1.03,1,7,2,56.2,62,6.73,6.69,3.77,2995
2.1,4,2,2,62.9,59,8.18,8.13,5.13,2810
0.32,5,2,4,62.1,55,4.4,4.42,2.74,2218
0.9,3,4,5,61.4,57,6.2,6.24,3.82,292
1.28,3,3,2,62.5,55,6.91,7,4.35,148
0.41,5,2,4,62.1,57,4.74,4.79,2.96,2767
2.04,3,7,2,63.4,55,8.07,8.04,5.11,2237
1.07,4,1,5,62,60,6.55,6.49,4.04,1863
0.86,3,4,2,62.6,56,6.01,6.07,3.78,2654
0.76,2,3,5,59.9,61,5.89,5.98,3.56,2693
0.4,4,3,5,61.1,59,4.71,4.75,2.89,1110
0.33,4,4,8,59.4,59,4.49,4.54,2.68,2298
0.9,3,2,3,62.6,58,6.11,6.15,3.84,169
0.27,5,2,6,61.8,57,4.12,4.16,2.56,907
0.34,5,1,4,61.4,56,4.5,4.53,2.77,732
0.9,1,3,3,66,57,6.06,6,3.98,2598
1.1,5,7,2,60.1,57,6.77,6.74,4.06,2505
0.72,4,7,1,62.9,59,5.8,5.63,3.58,919
0.32,2,1,3,63.6,56,4.34,4.37,2.77,2163
1.16,4,5,3,59.6,58,6.86,6.83,4.08,1803
0.31,4,3,4,62.3,59,4.33,4.3,2.69,1939
0.53,5,5,4,61.4,56,5.2,5.23,3.2,2780
0.31,5,2,5,60.4,57,4.4,4.37,2.65,1237
0.5,2,4,5,59.8,63,5.12,5.15,3.07,3202
1.12,5,1,3,60.5,56,6.75,6.78,4.09,985
1.54,4,4,3,61,59,7.38,7.43,4.52,2486
0.54,5,1,4,61.1,56,5.23,5.27,3.21,1851
0.57,4,3,3,59.5,60,5.43,5.42,3.23,625
1.01,4,4,8,61.3,58,6.4,6.48,3.95,542
0.33,5,5,4,60.7,57,4.5,4.46,2.72,2747
0.43,2,2,3,63.1,56,4.8,4.83,3.04,1493
0.4,4,3,5,61.1,59,4.75,4.71,2.89,1900
1.1,4,5,2,59.2,59,6.8,6.74,4.01,917
0.38,4,5,4,61.8,58,4.66,4.63,2.87,1129
1.01,4,3,6,61.8,59,6.46,6.42,3.98,1226
1.2,3,6,4,62.5,59,6.73,6.77,4.22,2136
0.33,3,4,6,60,63,4.45,4.49,2.68,1975
0.34,5,2,7,62.2,56,4.44,4.46,2.77,2439
0.51,5,1,4,62.9,56,5.1,5.07,3.2,398
1,2,1,4,63.1,56,6.36,6.4,4.02,2316
0.41,4,3,5,61.2,57,4.8,4.77,2.93,1717
1.37,4,4,2,59.6,60,7.24,7.18,4.3,2867
0.34,5,3,7,62,56,4.45,4.49,2.77,1546
0.52,4,3,5,61.7,56,5.17,5.14,3.18,3224
0.32,5,3,3,60.9,55,4.46,4.53,2.72,2085
0.92,5,3,2,61.5,56,6.27,6.32,3.87,3067
0.33,5,2,4,61.1,56,4.48,4.45,2.73,2211
1.17,4,5,3,58.5,62,6.95,6.9,4.05,1819
1.5,3,3,2,62.3,60,7.29,7.34,4.56,2094
1.29,5,5,5,61.8,56,6.97,7.02,4.32,859
1.2,4,2,4,62.7,59,6.7,6.67,4.19,1488
1.43,1,6,5,50.8,60,7.73,7.25,3.93,868
0.35,5,1,4,60.5,56,4.6,4.63,2.79,376
1.01,4,4,1,61.7,62,6.41,6.35,3.93,2869
1.01,2,4,5,63.2,61,6.33,6.35,4.01,280
1.2,5,5,3,61.7,55,6.86,6.82,4.22,2804
1.21,5,3,7,61.1,57,6.87,6.91,4.21,981
0.4,3,2,7,62.8,57,4.65,4.71,2.94,1428
0.51,2,4,5,63.4,57,5.04,5.08,3.21,715
1.23,4,1,2,58,59,7.02,6.97,4.06,1249
0.71,2,2,4,59.2,61,5.8,5.88,3.46,2254
0.9,3,5,4,62.1,57,6.16,6.23,3.85,3198
0.33,3,1,3,60,59,4.47,4.5,2.69,1825
1.99,2,7,4,62.9,61,7.91,8.06,4.99,605
0.31,4,5,4,62.4,59,4.34,4.31,2.7,1828
0.9,5,3,1,61.8,57,6.2,6.13,3.81,2732
0.27,5,5,4,60.5,57,4.19,4.17,2.53,2813
0.79,2,3,2,64.3,60,5.82,5.75,3.72,647
0.58,5,3,5,62.1,56,5.32,5.38,3.32,2952
0.71,5,4,3,62.8,56,5.72,5.75,3.6,1797
0.55,5,4,4,60.4,56,5.38,5.31,3.23,159
0.71,5,2,7,62.3,55,5.68,5.72,3.55,928
0.5,4,2,4,60.5,60,5.09,5.13,3.09,978
0.31,4,4,4,59,60,4.41,4.37,2.59,653
1.01,3,2,2,63.3,58,6.36,6.3,4.01,1402
0.5,5,3,2,61.3,58,5.1,5.12,3.13,3140
0.42,3,4,6,58.5,63,4.9,4.88,2.86,2562
1.01,4,5,4,62.3,58,6.45,6.36,3.99,2588
0.3,5,2,7,60.6,57,4.35,4.33,2.63,2435
1.01,1,2,2,57.9,57,6.51,6.55,3.78,1647
1.03,1,7,2,64.6,62,6.3,6.21,4.06,2795
1,4,4,6,62.5,60,6.43,6.34,3.99,1846
0.3,5,3,5,61.3,55,4.32,4.36,2.66,3060
1.52,5,4,2,61.9,57,7.43,7.38,4.58,2675
0.51,5,1,5,61.6,57,5.16,5.13,3.17,1433
0.35,5,3,6,60.8,55,4.58,4.61,2.79,620
0.6,5,4,5,61.6,56,5.44,5.47,3.36,2250
0.98,5,6,2,62.6,54,6.35,6.39,3.99,2121
1.19,4,7,3,63,54,6.82,6.74,4.27,335
0.35,3,4,8,62.1,54,4.53,4.57,2.82,1271
2.19,4,7,2,58.8,58,8.57,8.53,5.03,2179
0.3,4,1,4,60.7,60,4.33,4.37,2.64,1174
0.91,3,1,4,59.6,58,6.32,6.34,3.77,1085
0.55,5,3,4,61.6,56,5.31,5.29,3.27,1044
0.35,5,5,8,61.5,57,4.55,4.58,2.8,682
0.52,5,4,6,61,56,5.24,5.18,3.18,983
0.71,5,6,3,61.7,55,5.74,5.77,3.55,529
0.7,4,6,2,63,56,5.71,5.63,3.57,3157
1.13,3,5,3,63.3,56,6.65,6.62,4.2,1235
0.47,4,4,3,58.5,60,5.09,5.06,2.97,2321
0.37,5,3,3,61.3,55,4.61,4.65,2.84,94
0.42,4,4,4,61.9,58,4.77,4.82,2.97,2378
1.16,5,4,5,60.9,55,6.79,6.84,4.15,933
0.44,5,6,5,61.4,55,4.89,4.92,3.01,1714
0.33,5,2,6,61.7,57,4.44,4.41,2.73,2227
0.3,5,4,5,61.9,56,4.34,4.29,2.67,2035
0.41,5,3,4,61.8,57,4.73,4.78,2.94,2352
1.02,5,6,2,60.7,57,6.54,6.57,3.98,954
0.39,3,1,6,62.9,58,4.62,4.66,2.92,1860
1.02,4,2,7,61.5,59,6.41,6.46,3.96,473
0.54,2,2,2,63.9,54,5.18,5.12,3.29,1370
2.45,3,7,2,60.6,63,8.71,8.66,5.26,829
0.38,5,2,5,62.2,54,4.65,4.63,2.89,1255
1.41,4,7,4,62.7,56,7.2,7.16,4.5,1390
1.12,5,5,3,61.9,57,6.64,6.68,4.12,2774
0.7,3,2,4,62.8,60,5.59,5.65,3.53,2156
0.34,3,4,5,61.7,60,4.45,4.49,2.76,2707
1.03,2,6,1,57.9,59,6.67,6.62,3.85,3231
1.01,3,4,3,63.4,58,6.29,6.4,4.02,2666
0.47,5,5,8,62.4,57,4.97,5,3.11,2151
1.28,2,7,5,59.1,62,7.06,7.16,4.2,755
0.51,2,4,2,63.6,54,5.08,5.05,3.22,1282
0.51,5,4,5,59,59,5.25,5.28,3.11,1208
2.39,5,7,5,62.1,57,8.53,8.57,5.31,843
1.5,4,1,3,61,61,7.32,7.28,4.45,1414
1,2,2,3,63.5,62,6.27,6.4,4.02,1823
0.37,4,4,4,59.7,61,4.72,4.66,2.8,197
0.54,4,1,3,62,55,5.24,5.21,3.24,1678
1,4,3,3,60.6,62,6.43,6.4,3.89,1216
0.3,5,2,4,62.6,56,4.34,4.29,2.7,2794
0.32,5,1,3,62,57,4.42,4.38,2.73,1217
0.3,2,4,6,63.2,57,4.24,4.27,2.69,1449
1.04,5,3,2,62.6,57,6.45,6.48,4.05,1930
1.5,4,4,4,59.9,58,7.38,7.34,4.41,1073
1.01,3,4,3,62.9,58,6.35,6.4,4.01,2508
0.41,5,3,5,62.7,55,4.74,4.77,2.98,1046
0.7,5,3,6,61.9,54.8,5.68,5.72,3.53,1401
0.31,5,1,4,62.9,55,4.34,4.31,2.72,132
0.35,5,3,4,60.8,57,4.52,4.56,2.76,1603
0.4,5,4,6,62.4,56,4.68,4.64,2.91,187
1.01,4,5,7,60.5,57,6.55,6.48,3.94,2101
0.32,5,2,8,61.4,56,4.38,4.42,2.7,2685
1.51,4,2,3,60.3,58,7.47,7.43,4.49,1083
1.22,5,6,5,62.3,57,6.81,6.85,4.25,2730
2.01,2,5,1,61.7,63,7.91,7.94,4.89,2750
0.41,4,1,6,61.8,58,4.79,4.75,2.95,2926
0.3,4,4,6,62.7,56,4.31,4.24,2.68,2135
0.32,4,2,4,61.7,58,4.41,4.38,2.71,228
0.51,4,1,3,61,60,5.18,5.15,3.15,2041
0.5,3,2,4,61.3,59,5.05,5.1,3.11,3147
0.79,5,3,2,61.9,55,5.97,5.92,3.68,1684
0.91,4,1,3,60.2,58,6.31,6.28,3.79,1929
2.01,3,3,2,60.8,57,8.09,8.15,4.94,1563
0.59,3,4,5,57.4,63,5.54,5.58,3.19,1198
0.39,3,2,6,61.9,58,4.66,4.68,2.89,3
0.91,5,1,3,60.6,56,6.27,6.3,3.81,3088
0.41,4,4,5,58.9,60,4.87,4.84,2.86,2751
0.34,4,4,4,61.6,58,4.51,4.45,2.76,3143
1.5,3,2,3,60.5,63,7.42,7.35,4.48,2186
0.34,5,1,4,61,58,4.49,4.53,2.75,3208
1.5,4,6,4,62.5,59,7.3,7.26,4.55,1960
1.01,2,2,3,63.2,59,6.25,6.28,3.96,767
0.45,2,1,4,63.7,61,4.81,4.73,3.04,821
1.7,3,4,5,63.5,56,7.64,7.53,4.82,1990
0.32,5,5,7,62,54,4.39,4.42,2.73,2717
0.54,5,4,6,61,56,5.3,5.25,3.22,1774
0.53,5,2,4,60.9,56,5.27,5.28,3.21,708
0.72,4,1,2,59.1,58,5.88,5.83,3.46,1499
0.59,4,1,6,62.6,58,5.4,5.34,3.36,1192
0.72,5,3,7,60.8,56,5.83,5.81,3.54,2544
0.52,4,3,2,61.7,58,5.12,5.16,3.17,2266
0.36,5,1,4,61.8,56,4.6,4.56,2.83,2380
0.3,4,6,5,60.5,60,4.33,4.3,2.61,110
0.72,1,3,5,56.9,69,5.93,5.77,3.33,1143
0.91,5,4,3,62.6,57,6.16,6.21,3.87,619
0.91,5,4,3,62,56,6.19,6.22,3.85,3192
0.3,3,4,5,60.8,61,4.31,4.34,2.63,2908
0.37,4,2,3,61.8,58,4.64,4.59,2.85,27
1.5,3,5,5,63.4,56,7.29,7.25,4.61,1250
0.41,5,2,5,60.9,57,4.79,4.76,2.91,592
1.19,3,5,2,63.4,58,6.79,6.76,4.29,1134
1.22,4,7,2,62.2,60,6.89,6.77,4.25,1753
0.5,3,4,6,61.6,58,5.07,5.09,3.13,527
1.21,4,3,5,61.6,59,6.84,6.77,4.19,1341
2.01,4,4,3,62.3,61,7.96,7.89,5.02,1363
0.32,5,4,4,60.3,57,4.46,4.43,2.68,870
1.2,4,5,2,61.4,58,6.81,6.77,4.17,3035
0.3,2,4,3,63.8,56,4.26,4.3,2.73,267
0.38,5,1,4,62,56,4.68,4.64,2.89,1389
0.31,4,5,8,60.8,59,4.36,4.39,2.66,2541
0.41,5,1,2,62.3,57,4.75,4.78,2.97,1871
0.41,5,4,5,61.9,57,4.76,4.81,2.96,1391
2.17,4,5,3,59.9,61,8.39,8.38,5.02,2148
1.02,2,4,7,63.6,58,6.4,6.37,4.06,1734
2.06,4,6,2,61,59,8.24,8.21,5.02,1020
0.32,4,6,4,62.8,58,4.37,4.33,2.73,2651
1,3,4,6,59.8,59,6.47,6.51,3.88,1236
0.7,3,4,4,59.6,60,5.71,5.8,3.43,3194
1.2,4,5,2,62.3,59,6.82,6.75,4.23,281
1.03,4,3,2,62.2,60,6.47,6.45,4.02,1535
1.54,4,5,4,62.1,62,7.38,7.31,4.56,2584
0.3,3,2,5,61.5,57,4.28,4.31,2.64,1616
1.04,4,3,3,61.5,59,6.54,6.46,4,2576
1,2,6,7,56.5,62,6.58,6.55,3.71,1779
0.78,2,7,3,58,62,6.01,6.05,3.5,3091
1.02,2,4,4,63.7,57,6.24,6.31,4,743
0.3,4,1,4,60.6,58,4.36,4.32,2.63,2243
1.2,4,5,3,62.1,58,6.77,6.72,4.19,2941
0.41,5,2,6,62,55,4.73,4.79,2.95,2389
0.58,5,3,4,60.6,55,5.4,5.43,3.28,1671
1,3,1,4,61.5,63,6.35,6.31,3.89,659
0.31,4,5,7,61.8,59,4.36,4.32,2.68,925
1.53,5,7,3,62.2,58,7.35,7.37,4.58,2981
0.75,5,7,5,61.9,56,5.81,5.85,3.61,2423
2.03,3,4,2,62.7,55,8.07,8.14,5.08,1710
0.3,5,2,3,61.9,57,4.29,4.32,2.66,1885
1.5,5,4,4,63,56,7.32,7.26,4.59,158
0.27,5,2,7,62.3,56,4.17,4.15,2.59,1643
1.01,4,5,4,62.9,60,6.33,6.22,3.95,1251
0.79,5,3,3,62.8,56,5.88,5.9,3.7,2602
0.5,4,3,6,60.9,58,5.13,5.09,3.11,2962
0.34,4,6,3,60,58,4.55,4.51,2.72,98
0.7,3,2,3,61.2,57,5.68,5.73,3.49,820
0.39,4,3,3,61.3,62,4.71,4.68,2.88,2961
0.31,5,5,6,62.2,57,4.32,4.36,2.7,1333
0.6,5,3,6,61.8,57,5.36,5.42,3.33,3127
0.31,4,3,4,61.8,59,4.33,4.31,2.67,2731
1.35,4,5,3,62.4,58,7.03,6.95,4.36,1790
1.01,5,4,2,61.5,57,6.43,6.45,3.96,1121
1.33,1,3,2,64.5,58,6.97,6.86,4.46,1141
1.53,5,6,2,61.8,56,7.4,7.35,4.56,646
0.3,3,4,8,58.4,62,4.4,4.43,2.58,826
0.71,4,6,4,62.1,59,5.7,5.73,3.55,938
0.41,3,2,3,60.5,63,4.77,4.81,2.9,2473
0.36,5,1,6,61.6,57,4.59,4.56,2.82,2300
0.51,2,1,3,58.7,58,5.21,5.25,3.07,1468
0.31,5,2,8,61.9,56,4.37,4.35,2.7,2993
0.7,5,1,2,62.6,57,5.63,5.68,3.54,1490
0.52,4,3,2,61.7,58,5.16,5.12,3.17,3011
0.7,3,3,4,62.4,57,5.67,5.71,3.55,2133
1.26,5,7,2,62.5,53,6.9,6.86,4.3,1057
0.34,4,3,4,62.6,59,4.48,4.44,2.79,2954
2.02,4,4,2,60.1,59,8.29,8.21,4.96,2446
0.34,5,1,5,61.4,57,4.49,4.54,2.77,2178
1.59,5,4,6,62.6,55,7.47,7.44,4.67,2022
1.12,3,4,2,61.2,58,6.65,6.69,4.08,1325
0.46,5,2,6,62.6,55,4.92,4.95,3.09,1280
0.5,5,2,4,61.4,56,5.12,5.08,3.13,2174
0.32,5,1,6,61.3,55.8,4.43,4.44,2.71,547
0.61,3,4,8,63,58,5.36,5.43,3.4,2204
0.7,5,3,7,62.7,54,5.66,5.7,3.56,1581
1.41,3,5,2,58.5,57,7.36,7.44,4.33,237
0.51,5,3,4,62.9,55,5.12,5.08,3.21,1160
0.27,5,2,6,60.5,57,4.18,4.25,2.55,1273
1.01,3,2,4,63.3,60,6.33,6.3,4,765
0.9,3,3,2,62.4,57,6.11,6.16,3.83,503
1.01,3,5,3,60.2,60,6.5,6.48,3.91,2662
0.9,3,2,6,62.2,60,6.04,6.12,3.78,95
0.36,5,1,4,60,56,4.66,4.68,2.8,1957
0.41,5,4,5,61.4,55,4.8,4.78,2.94,2737
0.76,4,3,3,62,60,5.88,5.76,3.61,2281
0.32,5,2,6,61.2,56,4.39,4.43,2.7,522
0.53,3,1,4,63.4,55,5.23,5.11,3.28,2427
1.2,5,6,4,62.5,56,6.77,6.74,4.22,1212
0.51,4,3,5,60,58,5.21,5.19,3.12,1018
1,3,4,7,62.3,56,6.29,6.4,3.95,331
0.27,3,2,5,61.8,55,4.18,4.21,2.59,987
0.4,4,2,3,62.8,59,4.73,4.7,2.96,1943
1.21,5,4,2,62.9,57,6.78,6.73,4.25,1185
0.33,4,5,3,63,58,4.42,4.4,2.78,1238
1.06,1,7,2,61,66,6.54,6.35,3.93,271
1.61,5,4,5,61.9,55,7.58,7.55,4.68,828
1.11,4,3,2,62.5,59,6.59,6.53,4.1,615
0.9,3,5,3,62.8,57,6.14,6.18,3.87,491
1.5,1,7,4,64.5,59,7.2,7.07,4.6,138
0.52,5,3,4,60.3,57,5.2,5.24,3.15,712
1.51,3,2,2,61.8,57,7.34,7.32,4.53,2403
0.4,1,4,3,59.9,67,4.81,4.77,2.87,685
1.27,4,3,6,61.3,60,6.99,6.9,4.26,688
1.01,4,3,6,62.1,52,6.5,6.45,4.02,8
1.01,3,3,5,61,58,6.47,6.54,3.97,864
0.3,5,5,6,61.7,54.2,4.32,4.35,2.67,105
1.51,4,3,2,59.9,58,7.53,7.46,4.49,176
1.47,5,6,4,62.3,57,7.24,7.3,4.53,141
1.33,4,5,3,61.9,58,7.04,6.98,4.34,3173
1.06,5,6,3,61.2,56,6.6,6.57,4.03,2578
1,5,3,6,61.5,55,6.46,6.41,3.96,1895
0.74,3,3,4,61.3,61,5.8,5.84,3.57,1365
0.85,1,5,1,61,61,6.2,6,3.73,2181
1.5,2,3,2,61.2,63,7.33,7.41,4.51,2591
1.02,3,2,6,60.3,58,6.53,6.57,3.95,1336
0.44,4,4,3,61.1,59,4.9,4.86,2.98,2580
0.24,3,2,7,63.4,57,3.91,3.95,2.49,1746
2.08,5,7,2,62.3,55,8.23,8.17,5.11,753
1.21,3,6,5,59.4,60,6.9,6.97,4.12,707
0.51,5,5,6,61.6,55,5.11,5.14,3.16,752
0.41,5,3,7,60.7,56,4.85,4.81,2.93,2312
0.5,3,4,7,60.9,57,5.1,5.15,3.12,275
0.5,1,1,3,65.7,56,5.01,4.97,3.28,1138
0.57,4,1,4,60.8,59,5.34,5.38,3.26,2314
0.61,5,3,5,61.8,57,5.43,5.47,3.37,1853
1,3,4,6,64.9,57,6.21,6.28,4.05,163
0.32,5,3,4,61.1,57,4.44,4.47,2.72,1648
0.34,5,4,6,62.1,55,4.44,4.48,2.77,1056
0.72,5,3,3,62.3,56,5.77,5.79,3.6,566
1.51,3,6,3,63,59,7.26,7.31,4.59,490
0.29,5,2,3,60.4,54,4.32,4.36,2.62,1512
0.72,4,4,6,60.7,60,5.8,5.87,3.54,1665
1.51,2,5,3,61.5,61,7.29,7.34,4.5,461
1.51,4,2,3,61.5,61,7.41,7.31,4.53,1227
0.64,5,4,6,61.8,56,5.53,5.56,3.43,1035
0.4,3,3,6,60.9,52,4.81,4.83,2.94,589
1.31,5,5,5,62.5,56,6.95,7.03,4.37,2191
0.31,5,6,5,62.8,55,4.35,4.31,2.72,2741
0.32,5,2,4,62.1,56,4.43,4.4,2.74,2533
1.02,2,4,2,59.9,58,6.48,6.55,3.9,2304
0.7,5,6,6,62.3,55,5.66,5.7,3.54,346
1.44,3,2,1,61.1,62,7.15,7.23,4.39,689
0.41,5,1,3,60.5,57,4.81,4.85,2.92,2460
0.41,5,3,6,60.6,57,4.81,4.86,2.93,722
0.37,3,4,6,59.1,60,4.69,4.71,2.78,1654
0.4,5,2,6,61.8,55,4.74,4.78,2.94,273
0.86,1,2,2,55.1,69,6.45,6.33,3.52,946
2.23,3,4,1,63.5,57,8.24,8.2,5.22,39
1.01,4,3,2,62.6,60,6.37,6.35,3.98,2029
0.33,3,1,5,60.3,61,4.48,4.51,2.71,418
0.71,5,4,2,60.6,57,5.81,5.87,3.54,204
0.42,4,4,4,60.6,59,4.78,4.85,2.92,222
0.41,5,3,6,60.6,57,4.86,4.81,2.93,2682
0.71,3,4,3,62.7,58,5.7,5.72,3.58,3115
0.41,5,4,3,61.9,54,4.77,4.82,2.97,2959
1.52,3,6,3,62.7,59,7.26,7.34,4.58,520
2.22,5,4,2,60.9,57,8.47,8.42,5.14,668
0.38,5,4,5,61.8,56,4.64,4.65,2.87,2870
2,4,6,4,62.5,57,8.01,7.92,4.98,2145
0.32,4,3,7,60.7,58,4.43,4.4,2.68,1720
1.51,3,7,1,63.3,57,7.31,7.23,4.6,1582
0.6,5,4,2,59.1,56,5.58,5.52,3.28,2696
0.72,4,1,2,61.3,59,5.79,5.76,3.54,3111
1.01,2,1,4,64.5,58,6.27,6.31,4.06,1010
0.34,5,2,7,61.8,55,4.49,4.5,2.78,2232
0.41,2,3,3,63.7,58,4.74,4.71,3.01,1634
1.7,3,5,4,62.8,58,7.52,7.57,4.74,318
1,3,3,2,61.1,61,6.35,6.38,3.89,2117
0.3,5,3,6,61.4,56,4.32,4.35,2.66,1450
1.6,2,5,5,59.9,61,7.59,7.56,4.54,2944
0.9,3,1,3,62.5,63,6.11,6.14,3.83,1283
0.54,4,2,4,60,58,5.34,5.29,3.19,2426
1.07,1,3,3,60.6,66,6.65,6.46,3.97,2066
0.8,2,2,2,63.7,54,5.91,5.87,3.75,242
0.8,3,5,4,63.4,60,5.92,5.82,3.72,2226
0.52,4,2,2,61.8,54,5.18,5.15,3.19,1172
2.01,4,2,2,61.2,58,8.07,8.05,4.93,1843
0.41,5,4,8,62.4,54,4.77,4.82,2.99,1301
1,2,5,2,63.4,61,6.29,6.33,4,180
0.37,1,3,3,65.3,56,4.53,4.47,2.94,1661
1.02,3,4,3,61.3,56,6.43,6.53,3.97,2554
0.42,5,3,4,62,55,4.79,4.82,2.98,747
0.51,5,4,7,62.6,57,5.14,5.08,3.2,2031
1.61,4,5,2,60.3,60,7.66,7.57,4.59,1816
0.43,3,2,5,61.3,56,4.85,4.88,2.98,2827
1.27,5,4,5,60.9,57,7.02,6.97,4.26,1442
1.73,3,6,3,61.2,60,7.65,7.67,4.69,900
0.3,4,4,5,61.4,58,4.35,4.32,2.66,236
0.9,3,1,2,59.8,53,6.2,6.25,3.72,2770
0.36,4,2,2,61.5,61,4.63,4.57,2.83,691
1,3,2,2,63.9,57,6.24,6.27,4,295
0.32,4,4,5,61,59,4.39,4.43,2.69,2569
0.31,3,4,3,60.4,58,4.39,4.42,2.66,831
1.59,3,1,3,62.8,54,7.43,7.48,4.68,1726
1,4,2,3,61.1,60,6.47,6.42,3.94,2579
0.91,4,4,3,62.6,58,6.17,6.14,3.85,21
0.3,3,5,4,62.9,59,4.26,4.3,2.69,1387
0.9,1,3,5,66.2,55,6.11,5.97,4,959
0.7,3,5,2,63.4,55,5.59,5.64,3.56,2540
1.5,2,1,3,63.4,63,7.19,7.23,4.57,2420
0.26,3,2,7,61.5,56,4.1,4.15,2.53,1361
0.4,5,6,6,61.4,56,4.76,4.79,2.93,420
0.54,5,2,3,60.5,57,5.3,5.28,3.2,1690
0.41,3,4,4,61.4,59.2,4.76,4.78,2.93,57
0.9,3,1,3,62.4,63,6.13,6.04,3.8,1256
1.01,5,1,2,62.6,56,6.4,6.34,3.99,803
0.26,5,3,3,61.8,55,4.12,4.14,2.55,1722
0.8,4,1,3,61.7,58,5.96,5.93,3.67,2551
1,2,6,3,63.7,64,6.33,6.27,4.01,809
0.72,5,6,7,61.3,57,5.77,5.75,3.53,2475
0.33,5,2,4,60.3,57,4.51,4.54,2.73,3073
0.3,2,5,6,63.4,57,4.21,4.24,2.68,394
0.7,5,3,1,62.1,57,5.67,5.64,3.52,2587
1,1,3,3,65.8,58,6.23,6.15,4.07,353
1.22,1,4,2,64.7,61,6.75,6.68,4.34,2668
0.5,5,2,6,62.2,54,5.09,5.11,3.17,1089
0.41,3,1,6,61.2,62,4.78,4.82,2.94,1919
0.41,5,4,4,61.4,54,4.77,4.84,2.95,756
0.45,2,4,5,64.1,58.8,4.79,4.86,3.09,58
1.52,4,6,4,62.6,59,7.34,7.19,4.55,480
0.34,4,4,4,61.2,58,4.5,4.46,2.74,1003
1,2,3,2,60.2,65,6.38,6.41,3.85,511
0.92,4,2,2,61.7,59,6.27,6.18,3.84,1312
0.31,5,2,4,61.5,56,4.37,4.34,2.68,361
1.12,5,4,6,62.5,56,6.59,6.66,4.14,2206
1.24,4,1,2,61,59,6.93,6.97,4.24,2419
1.22,5,3,5,62.3,57,6.79,6.83,4.24,1701
0.3,5,4,5,62.4,57,4.3,4.32,2.69,757
0.32,5,2,4,62.3,54,4.4,4.37,2.73,354
0.23,3,3,6,60.4,61,3.92,3.96,2.38,3151
0.32,5,5,5,63,57,4.35,4.32,2.73,2019
1.21,4,4,5,62.7,58,6.85,6.76,4.27,3003
0.29,5,1,5,62.9,55,4.25,4.21,2.66,637
0.31,5,1,3,62.3,55,4.33,4.34,2.7,2332
0.81,3,5,3,60.2,58,6.06,6.1,3.66,816
0.7,4,1,2,59.3,59,5.79,5.74,3.42,530
1.24,3,3,6,63.6,56,6.75,6.8,4.31,2892
1.95,3,5,3,62.9,58,7.86,7.94,4.97,2605
1.21,5,7,4,62.1,57,6.81,6.82,4.23,561
0.33,5,4,7,60.9,57,4.49,4.51,2.74,30
0.39,5,2,5,59.9,57,4.78,4.8,2.87,3101
0.5,2,1,3,63.2,59,5.02,5.04,3.18,2106
1,2,1,3,57.6,62,6.62,6.5,3.78,678
0.41,4,4,4,59.7,59,4.81,4.84,2.88,833
0.32,5,2,6,60.4,59,4.45,4.49,2.7,1950
0.34,5,4,4,62.1,57,4.5,4.46,2.78,175
1.06,5,1,2,61.2,57,6.59,6.51,4.01,3196
0.58,5,3,6,61.8,56,5.37,5.41,3.33,1948
0.5,4,4,5,60.9,58,5.23,5.09,3.14,1065
0.4,4,5,3,62.6,58,4.72,4.68,2.94,1377
0.49,1,1,4,57.5,68,5.18,5.11,2.96,910
1.01,5,3,2,62.5,55,6.4,6.39,4,649
0.9,5,6,3,62.3,57,6.12,6.15,3.82,2140
0.72,5,4,3,60.7,56,5.79,5.82,3.53,415
0.86,3,6,5,61.2,58,6.1,6.16,3.75,3076
0.83,3,2,3,63.8,54,5.96,6.04,3.83,454
1.05,5,5,4,61.7,57,6.55,6.52,4.03,2028
3.01,4,7,2,60.7,59,9.35,9.22,5.64,497
1.11,5,1,2,61.3,56,6.68,6.74,4.12,2315
0.53,5,4,5,61.6,57,5.24,5.21,3.22,2491
1.23,3,3,6,58.5,59,6.98,7.07,4.11,875
1.02,3,3,2,60,60,6.53,6.57,3.93,3155
1.51,5,5,4,64.2,59,7.22,7.16,4.62,3150
0.9,2,5,4,63.1,60,6.08,6.12,3.85,2507
0.33,5,3,7,61.8,57,4.44,4.46,2.75,1778
0.77,2,6,3,62.3,55,5.88,5.93,3.68,3002
0.71,3,6,3,62.6,63,5.61,5.54,3.49,823
0.24,3,3,6,62.5,56,3.98,4.02,2.5,1702
0.38,3,4,4,59.2,60,4.7,4.73,2.79,3085
1,4,2,3,61.2,58,6.39,6.35,3.9,238
0.4,5,6,3,61.8,55,4.74,4.78,2.94,1765
0.21,4,1,4,58.3,59,3.96,3.93,2.3,1025
0.41,5,3,7,62,55,4.78,4.74,2.95,1886
0.3,5,4,6,61.8,57,4.31,4.33,2.67,569
0.78,3,7,3,58,61,6.07,6.13,3.54,3154
0.32,5,2,2,62,55,4.41,4.36,2.72,71
2.27,5,6,2,63,54,8.36,8.39,5.28,2856
0.39,5,6,5,62.5,54,4.7,4.67,2.92,10
0.31,5,3,4,61.6,55,4.37,4.36,2.69,1991
0.25,5,2,7,61.2,57,4.12,4.08,2.51,1093
1.56,4,5,2,58.8,59,7.64,7.6,4.48,2214
0.83,5,2,3,61.5,55,6.05,6.08,3.73,789
0.91,1,5,3,64.8,57,6.12,6.07,3.95,63
0.53,5,2,4,60.8,56,5.28,5.25,3.21,1266
0.54,5,2,5,62,56,5.26,5.23,3.25,2698
1.22,4,5,3,62,58,6.81,6.76,4.21,35
1.22,5,6,4,59.5,57,6.91,6.97,4.13,2307
1.56,5,3,2,61.6,56,7.41,7.45,4.58,3043
0.4,5,6,3,61.6,56,4.74,4.68,2.9,813
0.28,2,5,7,56,64,4.38,4.41,2.46,487
0.7,5,5,6,61,56,5.75,5.78,3.52,3144
1.23,4,7,4,58,61,7.07,7.03,4.09,17
0.32,3,4,3,62,55,4.41,4.43,2.74,482
0.7,4,3,3,61.3,59,5.74,5.68,3.5,1457
0.36,4,4,5,59.7,59,4.61,4.64,2.76,2124
0.9,5,5,2,61.8,57,6.17,6.19,3.82,2978
1.01,2,1,4,64.2,60,6.35,6.32,4.07,1750
0.36,4,5,4,61,60,4.6,4.55,2.79,478
0.3,5,4,8,62.2,55,4.3,4.32,2.68,1482
1.12,3,5,3,62.3,55,6.64,6.69,4.15,2715
0.41,3,3,3,63.1,56,4.73,4.69,2.97,1791
0.76,4,3,2,59.3,59,5.97,5.93,3.53,2980
1.51,1,4,5,60.8,66,7.35,7.25,4.44,1800
0.3,5,6,5,62.3,55,4.3,4.34,2.69,2193
0.83,4,4,5,58.8,58,6.2,6.15,3.63,1169
0.72,3,3,4,61.6,58,5.75,5.78,3.55,692
0.51,2,1,3,63.3,57,5.06,5.09,3.21,1534
1,5,6,2,60.9,57,6.47,6.43,3.93,486
0.91,4,4,5,62.5,61,6.17,6.05,3.82,2777
0.3,5,4,5,62.8,57,4.29,4.25,2.68,684
1.02,4,4,3,63,55,6.45,6.4,4.05,1719
0.24,3,2,6,60.9,58,4.03,4.05,2.46,1993
1.7,5,7,5,60.9,58,7.73,7.68,4.69,750
0.37,4,1,3,62.2,58,4.62,4.58,2.86,579
1.01,3,2,2,61.5,56,6.45,6.47,3.97,1188
0.34,2,3,2,63.9,56,4.4,4.43,2.82,2660
0.79,2,3,5,57.7,58,6.06,6.14,3.52,1505
1.93,5,3,3,59.5,60,8.1,8.13,4.83,700
1.04,4,4,4,62.5,58,6.43,6.47,4.03,1272
0.54,5,4,6,61.5,54,5.26,5.24,3.23,1829
0.32,5,1,4,61,57,4.42,4.46,2.71,1878
0.62,1,3,8,60.1,61,5.53,5.56,3.33,2436
0.31,5,4,3,61.6,56,4.36,4.4,2.7,2333
2.14,5,5,2,61.9,57,8.34,8.28,5.14,2816
0.33,4,4,6,60.9,57,4.5,4.43,2.72,392
1.1,3,1,2,58.6,63,6.76,6.69,3.94,524
1.5,5,3,6,63.1,57,7.32,7.23,4.59,1135
0.57,5,3,5,61.8,55,5.33,5.35,3.3,1112
0.73,3,4,4,62.1,59,5.68,5.73,3.54,131
1,4,6,5,60.3,62,6.46,6.41,3.88,2409
1.74,5,2,3,62.2,56,7.67,7.72,4.79,768
0.4,5,3,6,62.2,55,4.75,4.77,2.96,749
0.51,5,4,6,62.6,57,5.1,5.12,3.2,2272
1.7,5,6,3,62.9,57,7.57,7.5,4.74,2127
0.76,5,5,4,62.7,57,5.86,5.82,3.66,2452
1.2,5,5,3,62.7,55,6.76,6.73,4.23,995
0.7,3,2,2,60.2,64,5.67,5.7,3.42,1627
0.5,2,3,4,63.6,57,5.03,5.07,3.21,557
0.24,3,3,7,59,59,4.05,4.08,2.4,2195
0.32,3,4,5,61.2,62,4.41,4.45,2.71,578
0.51,4,1,3,62.3,61,5.11,5.07,3.17,2153
1.7,1,4,4,64.5,58,7.51,7.43,4.82,1789
0.71,1,4,2,65.6,56,5.54,5.49,3.63,2880
0.34,5,4,7,62.1,53,4.49,4.53,2.8,2743
0.56,5,2,3,62.8,58,5.31,5.26,3.32,324
1.51,3,4,3,62.9,57,7.27,7.3,4.58,2130
1.01,3,3,4,62.3,59,6.37,6.41,3.98,1598
0.53,5,7,2,62.3,58,5.13,5.17,3.21,99
1.02,5,2,2,61.6,56,6.48,6.55,3.99,2989
2.11,5,1,2,62.7,56,8.25,8.18,5.14,679
1.02,5,3,2,61.6,56,6.47,6.5,3.99,14
0.9,3,4,5,62.4,55,6.11,6.17,3.83,2891
0.41,4,3,8,62.6,58,4.73,4.76,2.97,3233
0.81,3,3,3,61.3,57,6.02,6.05,3.7,1536
1.2,2,7,4,63.7,58,6.61,6.68,4.23,70
0.31,5,6,3,62.2,56,4.37,4.34,2.71,412
0.43,5,4,6,60.9,57,4.85,4.9,2.97,2138
1.12,5,4,4,62.2,54,6.65,6.62,4.13,2238
1.01,1,2,3,64.7,59,6.23,6.11,3.99,2624
0.24,5,3,5,62,56,3.99,3.94,2.46,2341
0.31,5,1,5,62.1,57,4.32,4.35,2.69,3203
0.32,5,1,3,62.5,54,4.39,4.41,2.75,2799
1.1,4,5,3,60.4,60,6.72,6.68,4.05,2059
0.91,3,2,3,63.3,56,6.12,6.17,3.89,1883
0.54,4,1,4,60.9,58,5.31,5.27,3.22,1351
0.73,4,6,5,61.2,59,5.82,5.84,3.57,1464
0.71,3,6,4,61.4,56,5.73,5.79,3.53,1196
2.19,4,6,2,62.5,58,8.31,8.26,5.18,3183
0.91,1,5,7,56.5,67,6.38,6.4,3.61,2180
1.07,3,1,3,61.8,61,6.54,6.57,4.05,2207
0.31,2,2,3,63.3,55,4.31,4.35,2.74,2228
0.35,5,3,4,62.4,55,4.51,4.53,2.82,189
0.79,5,2,4,59.3,57,6.06,6.02,3.58,1981
0.7,3,2,2,62.8,59,5.64,5.69,3.56,65
1.03,3,3,2,60.2,55,6.53,6.59,3.95,432
1.5,3,2,4,61,55,7.38,7.45,4.52,890
0.42,4,3,5,61.8,59,4.83,4.81,2.98,1553
0.75,4,1,2,60.6,56,5.94,5.9,3.59,1067
1,4,2,1,60.9,61,6.41,6.37,3.89,594
0.53,2,6,5,64.3,55,5.17,5.13,3.31,2115
0.3,5,6,5,61,56,4.37,4.35,2.66,69
1.31,4,4,5,61.5,59,7,7.06,4.32,2820
0.31,4,4,6,62.9,58,4.3,4.28,2.7,3137
0.52,5,2,4,61.9,56,5.16,5.12,3.18,3170
0.91,2,3,3,64.4,60,6.05,6.1,3.91,2337
0.31,3,4,8,61.6,55,4.38,4.42,2.71,1400
1.04,4,2,3,61.2,59,6.54,6.47,3.98,1267
2.48,5,6,2,62.3,57,8.64,8.58,5.36,690
0.31,5,5,7,61.6,55,4.37,4.4,2.7,2146
0.51,4,4,4,61.2,60,5.12,5.17,3.15,3068
0.33,5,3,7,62,59,4.42,4.45,2.75,1743
0.92,3,4,3,61.5,60,6.19,6.26,3.83,855
0.5,1,2,4,79,73,5.21,5.18,4.09,2545
1.14,5,7,3,61.5,56,6.7,6.74,4.13,2447
0.51,5,2,3,62.3,56,5.12,5.15,3.2,805
1,2,4,2,58.1,65,6.48,6.46,3.76,2070
1,4,3,5,61.3,59,6.45,6.42,3.95,1761
1.2,4,7,5,59.1,61,7,6.94,4.12,1795
0.96,5,3,5,61.2,56,6.34,6.38,3.89,3056
0.4,5,2,6,61.7,57,4.73,4.77,2.93,230
0.9,4,3,2,61.3,59,6.16,6.11,3.76,1296
1.04,5,5,5,62.7,55,6.43,6.49,4.05,2122
0.32,5,5,4,62,54,4.41,4.43,2.74,3096
1.03,5,6,3,63.3,57,6.37,6.46,4.06,2888
0.73,5,3,3,62.6,55,5.75,5.78,3.61,2313
1,2,6,3,63.2,56,6.31,6.37,4.01,611
0.7,2,1,2,58.5,65,5.79,5.76,3.38,1762
0.51,2,1,3,64,58,5.03,5.06,3.23,1694
0.34,5,1,3,62,55,4.53,4.5,2.8,2520
0.3,5,5,4,61.4,55,4.34,4.36,2.67,293
1.01,3,4,4,63,56,6.35,6.41,4.02,2620
0.41,2,2,2,63.8,57,4.75,4.68,3.01,2500
1.5,5,4,4,62.5,55,7.26,7.23,4.53,2756
1.32,2,6,5,59.2,58,7.14,7.18,4.24,1809
0.31,5,2,4,62,55,4.35,4.33,2.69,2392
0.9,4,3,3,59.9,59,6.26,6.29,3.76,2034
0.47,2,2,3,60.2,64,5.1,5.04,3.05,2466
1.15,5,6,2,61.3,57,6.78,6.71,4.13,2251
0.54,4,5,5,61.3,58,5.25,5.22,3.21,2704
0.9,3,3,4,61.2,59,6.2,6.26,3.81,1077
1.64,4,4,4,62.4,58,7.49,7.52,4.68,3211
2,1,6,2,67.7,57,7.88,7.64,5.26,957
2.04,4,2,2,58.3,58,8.35,8.31,4.86,3020
0.41,3,4,4,62.9,59,4.7,4.75,2.97,417
1.26,3,4,3,63.3,58,6.88,6.84,4.34,3023
0.72,5,3,2,61.7,55,5.79,5.75,3.56,1144
1.27,5,5,3,60.1,58,7.02,7.05,4.23,1555
2.43,4,6,2,62.2,60,8.59,8.53,5.33,848
1.06,2,7,4,63.5,60.1,6.43,6.51,4.11,1268
0.58,5,5,3,61.6,57,5.34,5.38,3.3,1909
0.71,4,3,4,62.1,58,5.67,5.7,3.53,1802
0.33,5,6,8,61.4,56,4.41,4.45,2.72,2509
0.31,2,1,3,63.4,55,4.28,4.3,2.72,915
0.91,4,5,3,62.2,56,6.23,6.18,3.86,1014
1.22,5,3,4,61.3,56,6.87,6.92,4.23,1101
1.7,3,7,4,63.2,58,7.56,7.5,4.76,1879
0.41,3,5,7,61.4,60,4.73,4.78,2.92,309
1.04,2,7,3,64.2,58,6.42,6.34,4.1,118
0.93,5,6,2,62.3,57,6.22,6.2,3.87,1319
1.02,5,4,7,62.6,56,6.39,6.42,4.01,2853
1.02,3,7,3,61.9,60,6.37,6.42,3.96,2861
1.33,5,6,4,62.5,54,7.02,7.05,4.4,1970
0.38,5,4,6,61.3,56.4,4.67,4.71,2.88,2716
2.05,4,4,3,62.2,56,8.19,8.08,5.06,2527
0.23,4,2,6,60.9,60,3.99,3.96,2.42,565
0.38,4,3,7,61.6,58,4.65,4.61,2.85,2506
0.28,5,5,7,62,55,4.17,4.22,2.6,2109
0.4,3,4,3,62.9,57,4.69,4.72,2.96,3188
0.33,4,5,5,61.9,58,4.45,4.43,2.75,1745
1.2,3,3,5,62.6,59,6.64,6.71,4.18,2030
0.71,4,7,3,61,61,5.71,5.66,3.47,385
0.32,5,4,7,60.8,56,4.44,4.37,2.68,571
0.62,5,4,8,61.8,56,5.43,5.47,3.37,922
2.06,4,6,3,61,58,8.24,8.19,5.01,2736
1.01,3,2,3,62.8,60,6.38,6.39,4.01,696
2.05,3,6,2,62.8,56,8.1,8.12,5.09,2537
0.32,4,5,2,60.4,59,4.42,4.39,2.66,2051
1.51,4,1,4,60.2,59,7.43,7.33,4.44,403
0.91,4,3,2,58.9,61,6.36,6.33,3.74,2391
1.02,5,6,3,62.9,57,6.41,6.37,4.02,1657
1.01,4,3,1,62.6,57,6.42,6.3,3.99,1330
0.41,4,2,5,60.4,58,4.82,4.78,2.9,84
0.37,3,5,3,62.6,63,4.6,4.5,2.85,1247
0.9,5,7,5,62.6,55,6.13,6.11,3.83,610
0.61,5,1,4,62,56,5.43,5.48,3.38,1062
0.7,3,6,5,61.9,58,5.7,5.73,3.54,3013
1.01,3,2,3,61.1,57,6.43,6.46,3.94,2379
0.41,5,1,3,62.6,57,4.78,4.74,2.98,1707
0.9,5,5,2,61,56,6.23,6.29,3.82,2535
0.7,4,6,3,61.8,62,5.69,5.64,3.5,2785
1.23,3,3,5,59.1,58,7.06,7.09,4.18,2406
1.03,5,1,2,60.7,58,6.51,6.53,3.96,1438
0.34,5,1,3,60.1,57,4.52,4.56,2.73,923
1.01,4,3,3,62.5,58,6.39,6.42,4,2773
0.3,5,1,3,61.4,55,4.29,4.34,2.65,1194
0.4,4,5,4,59.1,61,4.84,4.81,2.85,3016
0.43,4,1,2,62.6,58,4.79,4.82,3.01,406
0.7,5,3,5,61,55,5.77,5.73,3.51,1115
0.31,5,4,4,60.8,56,4.38,4.4,2.67,1608
0.33,4,5,5,59.2,58,4.5,4.55,2.68,467
1.01,4,3,3,59.8,60,6.57,6.53,3.92,2443
0.58,5,1,6,63,56,5.35,5.28,3.35,1399
1.02,5,6,1,61.7,56,6.44,6.49,3.99,1040
0.9,4,4,2,61.9,61,6.13,6.06,3.77,1096
1,3,1,3,62.2,58,6.34,6.45,3.98,1687
1.52,5,3,2,61.8,58,7.38,7.4,4.57,213
0.5,3,4,6,62.9,57,5.04,5.11,3.19,2143
0.5,5,1,4,61.8,56,5.11,5.14,3.16,1373
2.02,2,6,5,57.9,63,8.13,8.21,4.73,3000
0.83,5,2,2,61,57,6.06,6.13,3.72,185
1.4,5,4,6,62,56,7.18,7.13,4.44,586
0.47,3,3,3,61.1,61,4.97,5.01,3.05,980
0.32,2,2,3,63.1,54,4.37,4.41,2.77,896
0.53,4,3,3,60.9,59,5.21,5.23,3.18,1170
0.36,5,2,5,61.8,54,4.56,4.6,2.83,3162
0.7,3,6,5,63.3,55,5.64,5.6,3.56,250
0.78,3,4,2,63.7,55.9,5.82,5.85,3.72,3053
0.33,5,4,6,61.7,56,4.42,4.46,2.74,2575
0.72,5,6,5,60.7,57,5.78,5.81,3.51,73
0.43,5,3,7,62.1,55,4.85,4.81,3,801
1.91,4,6,3,59.6,60,8.02,7.98,4.77,1937
1.01,4,4,5,62.6,59,6.46,6.38,4.02,3171
1.27,5,4,8,61.5,58,6.95,6.99,4.29,390
0.28,5,3,8,62,53,4.23,4.29,2.64,1747
1.02,2,1,2,57.5,62,6.6,6.62,3.8,651
0.34,5,1,5,61.1,55,4.52,4.55,2.77,1500
0.32,3,4,4,59.9,57,4.47,4.51,2.69,320
0.53,5,2,5,61.5,57,5.22,5.25,3.22,2139
0.32,5,3,3,61.9,55,4.38,4.41,2.72,437
1.07,5,1,3,61.8,55,6.59,6.54,4.06,168
0.82,5,3,2,62.4,54,6.02,5.97,3.74,2433
1.22,3,4,2,63.2,58,6.82,6.76,4.29,3227
1,3,5,3,61.9,58,6.3,6.37,3.92,1479
1.57,5,5,5,62.2,55,7.44,7.49,4.64,1313
0.35,5,5,8,61.7,54,4.55,4.53,2.8,1432
0.41,4,4,3,59.1,58,4.88,4.83,2.87,2255
0.31,2,4,8,63.9,58,4.3,4.27,2.74,1030
0.9,5,7,8,62.2,57,6.17,6.14,3.83,3051
1.21,5,4,5,61.8,57,6.81,6.86,4.23,1378
1.09,3,4,5,62.5,58,6.49,6.59,4.09,929
0.24,3,1,6,60.1,57,4.03,4.09,2.44,1758
0.33,4,2,4,61,60,4.46,4.43,2.71,2502
1,4,6,5,60.6,58,6.47,6.4,3.9,101
1,2,2,2,57.7,65,6.55,6.59,3.79,255
1.01,4,1,2,58.9,59,6.54,6.49,3.84,677
0.52,5,5,4,61.3,55,5.2,5.24,3.2,2936
1.51,4,5,3,60.6,59,7.45,7.41,4.5,2865
0.32,5,4,6,62.4,56,4.42,4.4,2.75,2504
2.5,5,6,4,61.9,57,8.7,8.68,5.38,2461
0.63,5,1,6,62.6,56,5.47,5.49,3.43,2074
0.51,5,3,4,60.6,56,5.19,5.17,3.14,2339
1.51,3,6,6,61.9,56,7.35,7.38,4.56,825
1,3,2,6,61.7,55,6.38,6.42,3.95,2328
0.8,5,4,4,61.2,57,6.02,6.07,3.7,1357
1.13,4,2,2,62.5,57,6.68,6.63,4.16,1155
1.01,3,1,1,63.4,61,6.38,6.3,4.02,2546
0.6,4,5,3,62,56,5.44,5.4,3.36,2302
0.32,5,2,4,62.8,54,4.38,4.35,2.74,2760
1.02,1,1,3,66.4,60,6.29,6.21,4.15,1354
1,5,1,3,60.2,57,6.54,6.48,3.92,1697
0.3,4,1,8,62.1,59,4.27,4.29,2.66,2295
1.7,5,7,4,60.5,58,7.73,7.74,4.68,36
1.03,5,2,3,58.9,57,6.62,6.56,3.88,1239
0.74,4,3,3,62.3,61,5.8,5.76,3.6,1326
0.74,5,7,5,61.7,57,5.79,5.84,3.59,687
1.01,3,5,5,60.9,55,6.53,6.57,3.99,249
1.01,5,3,2,60.5,57,6.53,6.49,3.94,1986
0.55,5,2,5,61.6,55,5.33,5.28,3.27,2596
0.7,3,2,5,63.4,62,5.64,5.56,3.55,365
1.51,3,4,2,63.1,58,7.23,7.19,4.55,2839
0.41,5,2,3,62.5,57,4.79,4.74,2.98,2480
1,3,2,2,59.1,61,6.39,6.44,3.79,1081
1.7,5,4,5,62.9,57,7.59,7.52,4.75,500
0.32,5,6,4,61.5,56,4.4,4.41,2.71,1458
2.01,4,6,3,58.9,59,8.26,8.22,4.85,2855
2.01,2,5,4,64.1,59,7.91,7.85,5.05,2700
1.21,4,3,5,62.6,59,6.81,6.76,4.25,360
0.4,5,2,4,61.6,57,4.73,4.75,2.92,2607
0.3,5,4,4,61.9,57,4.26,4.3,2.65,1497
0.53,3,7,4,60.9,59,5.2,5.27,3.19,1673
0.37,4,7,4,61.1,60,4.63,4.6,2.82,424
1,3,1,3,61.4,63,6.35,6.41,3.92,2271
0.38,4,1,5,61.9,60,4.62,4.66,2.87,1427
1.51,4,3,3,62.8,59,7.31,7.28,4.58,3121
0.5,3,4,6,62.2,61,5.07,5.09,3.16,2594
0.51,5,4,5,61.2,55,5.15,5.19,3.16,1420
1,4,5,4,59.7,58,6.57,6.52,3.91,2885
1.01,5,2,3,60.7,57,6.52,6.49,3.95,1133
0.41,5,3,5,62,55,4.77,4.81,2.97,37
0.97,5,5,4,62.9,56,6.35,6.31,3.98,1087
0.32,5,4,5,59.8,57.9,4.44,4.47,2.67,795
0.3,4,2,4,62.5,59,4.27,4.3,2.68,927
0.96,3,1,2,60.2,63,6.3,6.36,3.81,77
0.32,2,5,2,63.2,55,4.34,4.36,2.75,622
1,1,2,3,65.8,59,6.07,6.15,4.02,2807
0.42,4,4,4,60.6,58,4.83,4.88,2.94,2100
0.9,4,5,3,61.4,60,6.13,6.08,3.75,2652
1.51,4,4,3,60.3,59,7.39,7.44,4.47,1259
0.71,5,5,5,61.4,56,5.74,5.78,3.54,1154
1.2,1,5,2,64.8,58,6.61,6.56,4.27,3160
0.34,2,3,2,63.3,54,4.46,4.48,2.83,714
1.2,5,5,3,61.9,54,6.83,6.9,4.25,450
0.7,5,7,2,61.6,57,5.68,5.65,3.49,746
1.5,5,6,4,62.6,57,7.31,7.26,4.56,312
1.13,5,4,4,61.9,56,6.68,6.71,4.14,2349
0.32,5,3,4,62.2,55,4.35,4.37,2.71,192
0.72,5,1,3,60.8,57,5.75,5.76,3.5,2883
0.58,5,3,4,62.1,55,5.33,5.37,3.32,2949
1.06,3,2,3,61.4,58,6.53,6.62,4.04,3007
0.54,2,3,4,60.6,61,5.22,5.3,3.19,2963
1.59,3,6,4,60.5,63,7.52,7.45,4.53,3039
0.41,2,3,4,59.7,63,4.8,4.85,2.88,1417
0.9,3,6,8,62.6,59,6.12,6.15,3.84,125
1,4,2,4,61.8,62,6.47,6.44,3.99,1352
0.45,5,6,5,62.1,55,4.9,4.92,3.05,2559
1.07,4,5,4,60.6,60,6.66,6.63,4.03,739
0.5,3,5,4,62.6,56,4.99,5.11,3.16,2483
0.31,5,2,3,61.6,54,4.39,4.41,2.71,203
0.59,4,3,3,62.4,59,5.37,5.33,3.34,106
0.32,4,5,3,62.3,60,4.36,4.4,2.73,1200
1.03,4,4,4,62.3,59,6.38,6.42,3.99,2261
0.32,5,6,5,61.3,56,4.43,4.45,2.72,2940
1.29,5,2,6,59.8,59,7.07,7.11,4.24,1738
0.41,5,1,5,61.8,57,4.8,4.75,2.95,366
0.32,5,4,3,62.6,55,4.41,4.38,2.75,32
1.01,4,5,4,62.6,60,6.39,6.36,3.99,612
0.4,5,3,7,61.3,55,4.75,4.78,2.92,560
0.92,2,5,4,63.4,57,6.11,6.17,3.89,3084
0.7,4,2,2,62.1,57,5.68,5.6,3.5,2808
0.7,3,2,4,60.5,63,5.74,5.7,3.46,1369
1.14,5,5,4,62.6,56,6.68,6.65,4.17,2445
1,1,1,3,64.9,59,6.2,6.13,4,3222
0.31,3,1,4,61.6,55,4.37,4.4,2.7,19
0.71,5,1,2,61.5,56.2,5.73,5.75,3.53,2525
0.83,2,4,4,63.7,60.9,5.84,5.92,3.75,1844
0.31,4,6,3,61.3,58,4.37,4.34,2.67,2175
0.8,4,7,3,60,60,6.1,5.97,3.66,2957
2,4,5,3,59.8,60,8.04,8.01,4.8,2311
1.57,4,6,2,62.4,58,7.41,7.37,4.61,298
0.71,5,2,4,62.9,55,5.76,5.72,3.61,2639
0.42,4,2,3,61.6,59,4.85,4.83,2.98,2065
1.62,5,2,4,61.4,57,7.54,7.58,4.64,442
0.3,2,3,7,61.1,61,4.29,4.32,2.63,483
1.71,4,5,2,62.3,58,7.66,7.62,4.76,2811
0.71,5,4,3,60.6,57,5.72,5.8,3.49,2376
0.32,5,2,4,62,57,4.41,4.37,2.72,2645
0.29,3,3,7,61.5,56,4.26,4.3,2.63,1116
1.05,5,4,8,62.5,56,6.48,6.52,4.06,150
1.61,5,3,3,60.9,57,7.58,7.51,4.6,1274
0.7,2,6,4,59.4,57,5.77,5.82,3.44,2528
0.7,5,5,5,61.2,55,5.71,5.76,3.51,216
1.51,4,2,3,59.6,61,7.53,7.43,4.46,716
0.3,5,4,8,62,54,4.33,4.35,2.69,2922
0.51,5,2,6,62.4,59,5.07,5.12,3.18,2323
1.75,4,1,2,60.6,60,7.78,7.74,4.7,297
0.54,5,4,6,61.9,57,5.22,5.25,3.24,3027
0.3,2,4,6,63.3,57,4.23,4.27,2.69,2684
0.52,5,1,4,61,57,5.21,5.18,3.17,1543
0.5,2,7,4,63.2,60,5.01,5.06,3.18,2407
0.57,5,4,4,61.6,57,5.32,5.36,3.29,1542
1.04,2,1,3,63.7,58,6.39,6.43,4.08,2634
0.51,5,5,7,61.4,55,5.13,5.16,3.16,834
0.51,5,4,5,61.8,56,5.1,5.15,3.17,840
0.73,3,6,4,62.8,59,5.72,5.75,3.6,1953
1.25,3,5,3,62.4,55,6.85,6.89,4.29,3014
0.26,3,5,6,60.5,56,4.13,4.16,2.51,284
1.51,4,7,4,59.2,59,7.53,7.47,4.44,562
1,5,6,4,62.6,54,6.39,6.35,3.99,302
0.3,5,6,6,62.8,57,4.26,4.28,2.68,857
1,1,7,3,64.9,58,6.29,6.23,4.06,993
0.57,4,3,5,61.3,54,5.41,5.35,3.3,1662
1.01,2,2,5,63.8,55,6.41,6.32,4.06,2054
0.32,5,6,7,62.5,55,4.4,4.37,2.74,2275
0.24,3,2,7,62.7,59,3.97,4,2.5,1700
0.9,3,6,5,63.3,59,6.1,6.06,3.85,897
0.72,4,5,4,60.7,59,5.84,5.8,3.53,701
1.23,5,4,5,62.1,57,6.87,6.79,4.24,2049
0.54,4,7,6,58.2,62,5.37,5.31,3.11,2801
1.2,4,4,2,59.2,60,6.92,6.9,4.09,1754
1.33,3,4,4,61.7,59,7.04,7.09,4.36,402
0.3,5,6,5,62,57,4.26,4.29,2.65,2671
0.32,2,2,3,63.4,56,4.31,4.34,2.74,350
0.53,3,2,5,62.6,59,5.19,5.25,3.27,2081
0.71,2,3,6,58.2,60,5.89,5.94,3.44,1502
1.17,5,4,5,59.4,57,6.93,6.87,4.1,2183
0.36,2,1,3,63.2,56,4.52,4.56,2.87,233
1.7,4,6,5,58,60,7.88,7.84,4.56,1382
0.7,3,2,3,59.6,63,5.72,5.65,3.39,939
0.3,4,2,4,62.4,59,4.26,4.3,2.67,229
1.17,5,3,5,62.2,56,6.74,6.77,4.2,1222
0.31,5,5,4,61.5,57,4.38,4.33,2.68,1992
1,3,3,4,58.7,62,6.51,6.6,3.85,1080
0.52,3,2,5,59.6,58,5.21,5.26,3.12,2835
1.51,3,3,3,63.2,57,7.34,7.23,4.6,1454
0.51,3,3,4,60.6,60,5.18,5.22,3.15,303
1.01,2,2,3,64,56,6.33,6.36,4.06,2225
0.53,4,3,2,60.5,60,5.23,5.19,3.15,991
0.51,5,1,6,61.3,56,5.14,5.15,3.16,239
1.2,3,5,4,62.5,60,6.72,6.78,4.22,1012
1.09,4,6,4,61.3,58,6.63,6.58,4.05,599
0.52,4,2,4,61.6,59,5.14,5.16,3.17,119
0.34,5,1,1,62.5,57,4.47,4.49,2.8,515
0.32,3,6,3,61.6,61,4.36,4.4,2.7,2169
1.36,5,4,5,61,56,7.13,7.11,4.34,2630
1.14,5,3,5,61.1,55,6.74,6.78,4.13,1441
0.92,4,5,6,62.5,58,6.25,6.16,3.88,1737
0.41,5,4,6,61.3,56,4.77,4.76,2.92,2877
0.91,1,1,2,62.5,66,6.08,6.01,3.78,1006
0.74,4,3,3,60.7,59,5.85,5.82,3.54,2471
0.56,5,4,4,61.4,56,5.33,5.35,3.28,1699
0.9,4,3,3,62.6,60,6.11,6.06,3.81,1564
0.7,5,5,2,62.1,55,5.69,5.72,3.54,2674
1.54,4,6,3,61.8,57,7.43,7.37,4.57,2647
0.46,5,6,5,62.3,56,4.93,4.96,3.08,510
0.32,5,1,4,61.8,55,4.43,4.41,2.73,1189
0.96,1,7,3,67.3,56,6.06,6.01,4.06,498
0.31,5,5,6,62.4,57,4.36,4.32,2.71,2918
1.21,3,6,2,63.2,57,6.7,6.66,4.22,1599
0.33,5,1,2,62.4,57,4.39,4.42,2.75,2840
0.9,4,5,3,61.9,58,6.2,6.15,3.82,1149
0.34,4,5,4,62.6,60,4.42,4.46,2.78,12
0.73,5,5,4,62.7,55,5.72,5.76,3.6,1281
1.11,1,7,2,64.8,55.1,6.44,6.55,4.21,1724
0.4,3,7,3,58.9,59,4.84,4.87,2.86,367
1.25,4,7,5,60.9,59,6.9,6.92,4.21,2681
0.4,2,4,5,63.4,56,4.68,4.72,2.98,1375
1.18,3,6,2,63.5,57,6.75,6.8,4.3,2566
0.52,5,3,6,62.5,57,5.15,5.19,3.23,2879
0.31,5,1,3,61.8,56,4.37,4.34,2.69,31
1.22,4,2,2,62.5,55,6.9,6.82,4.29,323
0.5,4,5,3,58.7,59,5.15,5.11,3.01,209
0.74,5,4,3,61.6,55,5.8,5.85,3.59,4
0.23,3,1,4,62.9,57,3.92,3.97,2.48,2617
1.51,2,6,7,64,60,7.21,7.26,4.63,1223
0.51,5,1,3,62.9,57,5.12,5.09,3.21,3059
0.9,5,4,3,60.2,56,6.24,6.29,3.77,1276
0.42,5,6,8,61.7,55,4.83,4.86,2.99,2524
0.73,5,4,3,62,54,5.81,5.84,3.61,61
0.7,5,2,7,61.8,55,5.69,5.73,3.53,1242
1.01,2,3,3,63.5,59,6.3,6.39,4.03,1317
0.72,3,6,5,63.8,59,5.63,5.71,3.62,368
0.31,5,2,2,60.1,57,4.44,4.41,2.66,2878
0.98,5,4,2,62.9,57,6.33,6.29,3.97,631
0.51,5,4,4,62.4,56,5.11,5.14,3.2,1856
0.56,3,2,6,60.5,57,5.32,5.36,3.23,841
1.1,4,6,3,62.7,57,6.6,6.55,4.12,759
0.9,5,2,3,61.7,57,6.21,6.24,3.84,1989
0.38,5,4,4,61,55,4.67,4.71,2.86,2319
0.5,5,6,3,62,55,5.09,5.14,3.17,2876
1.5,2,7,4,61.7,56,7.23,7.33,4.49,2492
1.34,4,2,8,61.8,58,7.15,7.08,4.4,1297
1.24,5,5,5,61,57,6.91,6.95,4.23,379
0.31,5,4,3,62.2,55,4.35,4.36,2.71,1946
0.7,5,3,3,61.3,57,5.75,5.71,3.51,2833
0.74,5,6,6,61.3,57,5.82,5.85,3.57,1962
2.74,3,5,2,63.3,58,8.88,8.84,5.61,340
0.78,5,5,2,61.9,54,5.89,5.85,3.63,652
1,2,4,2,63.8,56,6.23,6.31,4,660
0.7,4,1,2,62.1,60,5.71,5.73,3.55,1342
1.66,4,2,2,62.6,58,7.53,7.48,4.7,1650
0.32,5,3,6,62.1,55,4.37,4.39,2.72,3141
2.2,5,4,2,62,57,8.31,8.27,5.14,140
0.51,5,2,3,62.2,57,5.12,5.08,3.17,2567
0.31,5,5,5,61.7,57,4.32,4.34,2.67,1759
0.35,5,4,8,60.2,57,4.6,4.64,2.78,1940
0.91,4,6,4,63,58,6.15,6.07,3.85,358
0.3,4,5,7,62.5,59,4.29,4.26,2.67,1290
2,3,3,3,63.3,56,8,7.93,5.04,102
0.57,3,3,6,62.6,58,5.28,5.3,3.31,1443
0.33,5,2,5,60.6,57,4.49,4.52,2.73,13
0.41,4,1,2,62,58,4.74,4.78,2.95,1465
0.9,2,5,2,62.4,61,6.03,6.11,3.79,1514
0.9,4,2,3,60.3,56,6.29,6.21,3.77,2573
1.01,3,3,3,63.1,59,6.3,6.37,4,782
0.56,5,2,4,61.9,56,5.32,5.27,3.28,2484
0.42,5,1,3,62.4,57,4.84,4.77,3,1371
0.73,5,2,3,62.2,56,5.74,5.78,3.58,2384
0.27,5,4,8,61.6,57,4.18,4.21,2.58,800
0.7,5,5,2,60.6,54,5.73,5.65,3.45,683
0.31,5,5,3,61.3,56,4.36,4.39,2.68,846
2.1,4,4,2,62.6,56,8.2,8.16,5.12,2542
1.03,4,3,5,61.7,56,6.49,6.47,4,852
1.34,5,4,5,62.7,57,7.04,7.1,4.43,2479
0.5,4,5,3,62.3,59,5.02,4.99,3.12,887
1.21,3,4,3,61.2,58,6.84,6.91,4.21,2410
0.51,3,1,4,62.2,57,5.11,5.14,3.19,2044
0.74,3,5,5,62.3,56,5.75,5.78,3.59,2841
0.51,5,2,4,61.9,56,5.12,5.16,3.18,1649
1,2,1,2,64,59,6.29,6.24,4.01,1011
0.25,5,2,6,62.1,57,4.04,4.07,2.52,3024
0.4,5,3,6,62.4,57,4.73,4.69,2.94,791
1.02,5,3,4,62.9,57,6.42,6.33,4.01,1334
0.4,5,2,2,61.2,55,4.77,4.74,2.91,2160
0.55,5,6,7,62.7,57,5.23,5.17,3.26,2123
0.3,4,5,2,60.9,59,4.35,4.32,2.64,326
1.11,5,5,2,62.7,57,6.66,6.59,4.14,6
1.02,5,4,4,62.3,56,6.46,6.51,4.04,1486
0.91,3,4,4,62.7,63,6.05,6,3.78,1841
0.55,5,3,4,61.4,57,5.26,5.3,3.24,1908
0.9,3,2,3,63.2,58,6.12,6.1,3.86,2638
0.51,5,6,6,60.6,56,5.18,5.22,3.15,2775
0.41,2,1,4,63.8,55,4.7,4.73,3.01,1033
0.41,5,6,6,61.6,57,4.78,4.76,2.94,3216
0.78,4,5,2,59.7,59,6.03,5.97,3.58,1767
0.43,1,2,4,60.5,59,4.92,4.9,2.97,1060
3.67,4,6,1,62.4,56,9.86,9.81,6.13,1935
0.8,3,3,2,61.5,56,5.93,5.98,3.66,3209
1.25,4,5,2,61.6,54,6.95,6.85,4.25,1287
1.2,4,2,4,62,59,6.78,6.71,4.18,285
1.11,3,7,3,62,58,6.57,6.62,4.09,719
0.24,3,2,6,63.1,56,3.92,3.97,2.49,2287
1.11,3,4,5,61.5,57.6,6.66,6.7,4.11,3004
0.7,4,2,3,60.7,58,5.74,5.73,3.48,1979
1.11,4,1,1,61.9,58,6.63,6.66,4.11,639
1.5,4,2,4,61.8,59,7.31,7.38,4.54,3042
0.33,4,3,3,60.9,59,4.42,4.45,2.7,1775
0.31,5,2,3,62.8,57,4.34,4.32,2.72,577
2.35,4,7,5,60.7,60,8.64,8.6,5.23,1082
1.2,4,5,2,62.4,61,6.81,6.78,4.24,1847
0.56,3,2,8,59.9,60,5.31,5.38,3.2,1491
0.9,3,7,4,63.3,56,6.13,6.1,3.87,328
1,5,1,3,62.7,56,6.39,6.43,4.02,2201
0.32,5,5,7,61.6,54.9,4.4,4.43,2.72,2650
0.57,4,5,3,61.6,58,5.37,5.34,3.3,889
1.05,4,3,2,62.8,55,6.55,6.48,4.09,2210
0.74,3,6,5,62.3,60,5.78,5.8,3.61,842
0.32,5,3,5,61.3,56,4.44,4.4,2.71,1071
1.04,5,2,6,62.9,55,6.47,6.51,4.08,2052
0.3,5,3,5,61.6,54.7,4.33,4.34,2.67,92
0.5,2,6,4,60.4,64,5.12,5.08,3.08,1586
0.3,5,3,6,61.5,58,4.3,4.35,2.66,514
1.02,3,4,8,62.3,59,6.36,6.45,3.99,1818
0.3,5,1,4,62.8,57,4.29,4.25,2.68,2757
1.55,5,2,3,61.5,56,7.4,7.36,4.54,990
0.33,2,2,3,63.8,55,4.36,4.38,2.79,1999
0.81,4,2,3,60.8,59,5.99,5.95,3.63,1744
0.31,5,5,3,61,56,4.38,4.41,2.68,2912
0.93,2,4,3,58.8,61,6.36,6.39,3.75,215
0.25,3,2,7,59.7,58,4.13,4.14,2.47,1527
0.5,2,2,3,63.7,59,5.07,5.01,3.21,1573
1.34,5,4,7,62.2,56,7.11,7.04,4.4,952
1.02,5,2,2,61.6,55,6.52,6.46,4,2538
0.7,5,4,6,60.6,56,5.69,5.82,3.49,1799
0.52,5,4,5,61.3,56,5.2,5.17,3.18,1253
0.51,5,1,5,62.4,57,5.09,5.13,3.19,1532
0.31,4,5,3,61.1,57,4.35,4.32,2.65,1228
1.51,3,3,4,63.2,56,7.22,7.28,4.58,1478
1.2,3,7,5,63.6,59,6.67,6.72,4.26,1822
0.52,2,6,3,63.6,60,5.05,5.1,3.23,2882
0.37,5,2,4,61.6,57,4.61,4.65,2.85,1873
1,5,4,2,60.3,57,6.51,6.45,3.91,2943
0.27,5,2,6,62.5,57,4.13,4.1,2.57,1456
0.37,5,4,3,61.4,55,4.63,4.68,2.86,1815
0.5,5,1,4,61.9,59,5.07,5.1,3.15,1984
0.31,5,2,8,63,55,4.34,4.37,2.73,1628
0.74,3,4,6,61.3,56,5.85,5.9,3.6,1988
1.67,4,6,4,61.9,56,7.64,7.6,4.72,2843
0.6,4,2,3,59.6,59,5.52,5.48,3.28,918
1.05,3,1,4,59.7,58,6.56,6.63,3.94,308
2.06,4,6,2,61.8,58,8.22,8.11,5.05,2991
1.04,5,2,3,62.4,57,6.48,6.53,4.06,3090
0.44,5,6,6,60.8,56,4.9,4.93,2.99,2692
0.33,4,5,4,61.3,60,4.47,4.44,2.73,2631
0.5,5,2,2,62.6,56,5.05,5.11,3.18,2797
1.04,2,2,3,63.5,56,6.37,6.41,4.06,998
0.53,5,6,4,62,55,5.16,5.19,3.21,43
1.65,5,4,8,62.4,55,7.53,7.61,4.72,908
0.4,2,2,2,61.2,61,4.71,4.74,2.89,1891
0.7,5,5,6,62.5,56,5.7,5.63,3.54,157
0.82,5,5,4,59.5,57,6.12,6.09,3.63,1279
1.5,4,1,1,61.7,62,7.28,7.24,4.48,558
1,5,5,7,61.5,59,6.37,6.41,3.93,2131
0.41,4,3,4,60.3,58,4.8,4.85,2.91,448
1.08,5,3,3,62.7,57,6.52,6.49,4.08,129
1.39,5,1,3,61.9,52,7.24,7.25,4.48,2177
0.8,3,5,7,62.9,58,5.82,5.88,3.68,2850
0.9,3,6,3,61.7,58,6.17,6.21,3.82,1213
0.77,4,3,3,60.8,59,5.92,5.86,3.58,1964
1.05,5,4,5,61,56,6.62,6.56,4.02,1773
1.03,2,7,3,63.6,57,6.38,6.29,4.03,1090
0.3,5,5,8,62.1,55,4.27,4.3,2.66,960
0.59,5,7,4,60.8,57,5.47,5.42,3.31,2105
0.26,3,3,4,59,59,4.19,4.25,2.49,1037
0.65,3,6,8,61,55,5.65,5.73,3.47,2555
1.04,5,5,3,59.7,60,6.61,6.59,3.94,2451
0.31,4,2,3,62.6,60,4.31,4.35,2.71,2326
0.4,5,2,2,61.2,55,4.74,4.77,2.91,1446
0.33,4,7,5,61.5,61,4.46,4.39,2.72,1430
0.38,4,6,2,60,59,4.71,4.69,2.82,455
0.3,4,3,3,60.9,58,4.37,4.3,2.64,780
0.55,5,4,5,60.9,55,5.29,5.32,3.23,2320
1.24,4,4,2,60,60,6.94,6.88,4.15,1915
1.33,4,5,4,59.9,60,7.13,7.09,4.26,310
0.3,4,5,5,62.5,58,4.34,4.27,2.69,3122
0.81,4,7,3,61.8,57,6.02,5.96,3.7,2039
0.72,5,7,6,60.9,58,5.74,5.78,3.51,333
0.39,5,3,5,61.3,56,4.7,4.72,2.89,3082
1.5,2,7,4,59.6,60,7.31,7.38,4.38,291
0.3,4,2,6,60.1,59,4.37,4.32,2.61,2583
0.51,5,4,6,61.3,57,5.15,5.12,3.15,3063
0.64,4,1,3,62.3,58,5.53,5.49,3.43,1576
0.5,3,3,3,61.6,60,5.07,5.1,3.13,502
0.26,3,2,6,61.7,61,4.08,4.12,2.53,3107
1.06,4,7,2,61.3,60,6.52,6.59,4.02,1942
0.36,2,3,7,62.4,63,4.46,4.51,2.8,3098
0.32,5,3,7,62.3,55,4.37,4.4,2.73,2413
0.29,3,5,6,62.2,54,4.23,4.26,2.64,2796
0.73,5,6,4,61.6,55,5.82,5.84,3.59,2733
0.4,3,4,8,61.2,57,4.77,4.79,2.92,431
0.78,5,1,3,62.2,55,5.92,5.95,3.69,2120
0.3,3,5,5,61.9,55,4.32,4.37,2.69,1496
0.32,5,4,6,62,56,4.41,4.43,2.74,1299
1.01,5,2,2,62.2,55,6.4,6.43,3.99,1507
0.73,4,1,3,60.8,55,5.87,5.81,3.55,2720
1.5,4,5,3,61.8,60,7.31,7.23,4.49,609
0.33,5,2,4,62,56,4.48,4.46,2.77,3213
2,5,3,2,62.9,56,7.94,8.01,5.02,2142
1.54,5,4,1,61.6,55,7.4,7.43,4.57,122
0.52,5,5,7,60.7,57,5.23,5.25,3.18,496
0.97,4,3,2,61.9,58,6.35,6.31,3.92,793
0.33,4,3,4,60,60,4.49,4.45,2.68,593
0.32,5,4,4,61.4,57,4.4,4.39,2.7,1804
0.9,1,6,4,65.8,55,6.05,6.01,3.97,1419
1.19,3,2,1,60.2,61,6.87,6.91,4.15,1516
2.02,5,7,4,61.8,57,8.11,8.14,5.02,2864
1.36,5,7,6,61.9,56,7.16,7.13,4.42,773
1.06,5,2,2,62.2,55,6.54,6.51,4.06,717
0.51,5,5,4,61.4,56,5.14,5.19,3.17,763
1,4,5,3,62.8,58,6.38,6.36,4,2680
0.51,2,3,3,63.1,54,5.06,5.12,3.21,693
1,1,3,4,68.4,58,5.97,6.1,4.13,2789
0.74,2,4,3,63.6,58,5.73,5.71,3.64,85
0.59,5,3,2,60.1,57,5.45,5.49,3.29,2386
0.83,3,4,3,62.3,58,5.97,6.01,3.73,373
0.4,5,1,4,61.3,56,4.74,4.79,2.92,1061
1.02,3,3,5,61.3,59,6.45,6.51,3.97,2948
0.3,5,4,6,61.1,57,4.32,4.35,2.65,1043
1.3,4,7,3,61.9,56,7.07,7.04,4.37,1530
2.01,1,2,2,62.1,66,7.99,7.92,4.94,667
0.41,4,4,3,62.8,58,4.74,4.72,2.97,3217
0.9,5,3,3,61.7,55,6.19,6.16,3.81,2623
1.05,5,4,7,60.7,55,6.6,6.65,4.02,2792
0.35,3,6,5,60.7,62,4.53,4.59,2.77,66
0.32,5,4,7,61.7,56,4.4,4.42,2.72,2519
1.08,5,5,2,62.1,56,6.54,6.6,4.08,2335
0.32,5,4,5,61.2,56,4.45,4.41,2.71,2242
0.32,5,2,3,61.8,55,4.45,4.42,2.74,1028
1,2,7,5,58.1,64,6.63,6.51,3.82,1436
1.51,4,5,2,60.7,59,7.42,7.37,4.49,223
0.9,2,4,3,63.7,58,6.12,6.09,3.89,3010
1.36,4,7,2,62.6,58,7.12,7,4.42,1645
0.31,5,1,5,62,54,4.36,4.35,2.7,205
1.51,4,5,1,60.9,56,7.38,7.26,4.46,1114
0.31,5,3,8,60.9,56,4.37,4.4,2.67,112
2.01,3,5,2,63,59,7.9,7.93,4.99,2061
1.77,2,7,2,63.4,60,7.61,7.65,4.84,3026
1,1,5,4,64.8,55,6.35,6.28,4.09,2705
3.01,1,6,2,65.8,56,8.99,8.94,5.9,425
0.4,3,1,4,59.3,58,4.8,4.85,2.86,963
0.7,4,2,7,61.7,59,5.67,5.71,3.51,504
1.74,2,6,2,60.1,64,7.82,7.71,4.67,1729
0.34,4,5,7,61.5,60,4.49,4.45,2.75,876
0.72,5,6,6,61.6,57,5.73,5.76,3.54,441
1.28,5,3,5,61.7,55,7.01,6.98,4.32,1735
0.56,5,5,7,60,56,5.37,5.4,3.23,777
0.71,4,6,3,60.2,58,5.83,5.76,3.49,898
0.54,5,3,5,60.9,57,5.26,5.21,3.19,2837
0.44,4,4,3,61.9,58,4.83,4.87,3,2945
2,4,4,2,59.1,59,8.2,8.14,4.83,2927
1.28,5,6,4,61.4,57,7.04,6.97,4.3,172
0.78,4,4,4,60.8,58,6.03,5.95,3.64,1053
0.5,2,3,2,57.7,62,5.22,5.18,3,210
0.32,5,5,4,62.1,56,4.37,4.42,2.73,2172
2.04,4,4,2,61.3,60,8.18,8.13,5,2985
0.38,5,2,5,62.1,57,4.62,4.65,2.88,3100
1.21,3,6,2,59.9,58,6.91,6.94,4.15,2659
0.37,1,1,8,61.2,57,4.68,4.73,2.88,3118
0.46,5,4,8,62.5,57,4.89,4.94,3.07,2765
0.5,3,4,7,61.3,57,5.15,5.07,3.13,632
0.9,3,7,5,62.3,56,6.19,6.23,3.87,956
0.3,5,5,7,61.2,57,4.3,4.39,2.66,2975
1,2,4,2,61.7,63,6.36,6.37,3.93,383
2.16,3,5,2,62.3,60,8.19,8.31,5.14,3165
0.43,2,3,5,63.4,57,4.76,4.8,3.03,2499
0.31,3,2,4,61.7,58,4.31,4.34,2.67,2902
1.02,1,3,2,66.6,58,6.21,6.14,4.11,155
0.8,4,3,3,62.7,58,5.91,5.93,3.71,1715
1.5,2,2,3,64.1,56,7.21,7.14,4.6,2657
0.38,2,3,4,63.4,62,4.52,4.56,2.88,2182
0.42,5,5,6,62.9,56,4.79,4.75,3,1206
0.53,3,2,5,61.9,59,5.16,5.21,3.21,1294
0.46,2,4,6,60.2,60.5,4.98,5.04,3.02,1840
1.24,4,3,4,62.4,60,6.83,6.8,4.25,992
2.03,4,7,2,62.7,59,8.02,8.08,5.05,788
0.33,4,5,4,62.4,58,4.42,4.39,2.75,1792
0.81,4,4,4,62,58,5.95,5.92,3.68,1008
0.77,3,6,4,63.2,58,5.79,5.85,3.68,1303
0.3,3,4,7,63.5,57,4.27,4.23,2.7,1686
1.05,1,3,3,64.6,57,6.39,6.33,4.11,2463
0.79,3,3,2,62.6,57,5.84,5.86,3.66,2672
0.32,5,3,4,61.7,55,4.4,4.41,2.72,645
0.33,3,3,7,61.1,58,4.42,4.46,2.71,1812
0.79,4,4,4,62.3,58,5.92,5.89,3.68,2411
0.34,4,3,4,62.9,58,4.46,4.44,2.8,2240
1.01,5,3,5,60.9,57,6.52,6.49,3.96,2512
0.59,3,2,2,63.8,57,5.31,5.34,3.4,702
0.9,4,4,2,61.1,58,6.18,6.22,3.79,2556
1.71,5,7,2,60.8,57,7.69,7.64,4.66,1821
2.02,5,6,2,61.7,57,8.05,8.12,4.99,694
0.71,4,3,3,60.2,60,5.79,5.71,3.46,1920
0.3,5,3,4,62.3,57,4.3,4.33,2.69,2005
0.38,2,5,7,63.3,58,4.57,4.62,2.91,766
1.2,3,7,4,62.5,57,6.72,6.79,4.22,2702
0.38,3,3,5,60.2,58,4.71,4.73,2.84,674
0.33,5,4,8,60.9,57,4.45,4.48,2.72,1439
0.56,3,3,5,61.2,58,5.32,5.33,3.26,283
1.56,3,5,6,63.3,58,7.3,7.35,4.64,1820
0.33,4,6,6,61.5,58,4.45,4.43,2.73,2162
0.56,4,1,3,61.9,58,5.33,5.27,3.28,440
2.02,3,5,4,62.7,58,7.96,8.01,5.01,2691
0.53,5,4,7,61.2,55,5.19,5.23,3.19,2395
1.31,4,6,2,60.5,59,7.11,7.04,4.28,1708
0.3,4,3,3,62.1,60,4.28,4.26,2.65,1039
1.03,2,3,2,59,59,6.55,6.6,3.88,912
2.01,5,3,2,61.9,55,8.1,8.05,5,1367
0.3,3,4,4,63.1,58,4.27,4.23,2.68,396
0.34,4,1,2,60.8,60,4.53,4.49,2.74,2543
0.5,4,3,6,60.6,58,5.2,5.1,3.12,1739
1.01,5,5,3,61.7,57,6.37,6.44,3.96,466
0.51,2,1,4,63.7,57,5,5.05,3.2,127
0.4,3,3,6,60.5,57,4.76,4.79,2.89,1103
0.56,5,3,4,62,56,5.27,5.31,3.28,871
0.31,5,1,4,61.8,55,4.37,4.33,2.69,2096
0.5,5,3,2,62,58,5.08,5.11,3.16,1898
0.41,5,2,4,61.8,54,4.79,4.76,2.95,2371
0.78,5,4,4,61.7,55,5.94,5.89,3.65,1585
0.52,5,4,5,61.9,55,5.16,5.18,3.2,452
2.52,4,6,3,58.5,59,8.9,8.87,5.2,167
1.56,2,6,4,57.2,62,7.72,7.66,4.4,1751
0.4,2,1,2,63.1,57,4.72,4.75,2.99,2881
0.4,3,2,4,63,58,4.7,4.73,2.97,3095
0.3,5,2,7,62.5,56,4.28,4.3,2.68,3195
2,5,5,2,61.5,57,8.04,8,4.93,1244
0.57,4,5,5,61.7,58,5.33,5.3,3.28,724
0.7,2,3,3,61.1,61,5.68,5.71,3.48,1663
0.91,5,4,3,60.8,58,6.21,6.29,3.8,2048
0.36,5,4,5,61.6,56,4.56,4.59,2.82,351
1.2,4,4,5,60.2,60,7,6.91,4.19,1623
1.35,5,4,5,62.2,57,7.09,7.05,4.4,2453
0.9,3,4,8,60.1,59,6.22,6.26,3.75,1814
0.31,3,6,3,63.3,53,4.32,4.3,2.73,3123
0.31,3,4,5,60.4,59,4.37,4.41,2.65,2144
1.01,1,2,2,56.8,66,6.63,6.58,3.75,2582
0.3,3,4,5,63.5,58,4.26,4.21,2.69,903
0.3,5,1,4,62.5,57,4.25,4.29,2.67,142
1.06,4,3,3,60.4,62,6.62,6.59,3.99,2712
0.71,5,4,3,62.3,56,5.73,5.7,3.56,2010
1.51,3,4,5,63.5,55,7.26,7.3,4.62,1445
1.11,2,7,3,63.6,58,6.48,6.57,4.15,648
0.49,4,4,3,62.5,58,5.03,4.98,3.13,1695
0.3,5,4,4,62.5,53,4.3,4.27,2.68,1398
1.01,4,3,3,62.5,58,6.42,6.39,4,1344
1.2,4,5,3,62.4,59,6.72,6.68,4.18,2068
0.78,5,5,6,62.1,56,5.88,5.9,3.66,643
0.3,5,5,7,61.9,57,4.3,4.33,2.67,1305
0.41,4,3,2,60.3,58,4.86,4.82,2.92,1184
0.37,5,4,6,61.6,55,4.62,4.66,2.86,2152
0.71,3,4,2,63.4,56,5.68,5.62,3.58,1882
0.3,5,5,4,62.4,54,4.31,4.34,2.7,2874
0.3,5,6,3,62.5,58,4.25,4.29,2.67,269
0.39,3,5,2,62.4,59,4.58,4.65,2.88,3176
0.72,3,4,3,62.5,60,5.69,5.73,3.57,869
0.43,3,3,4,61.1,57,4.86,4.9,2.98,435
0.3,5,3,3,62.5,57,4.27,4.31,2.68,2027
0.33,4,6,5,59.5,60,4.5,4.54,2.69,2107
0.3,4,3,4,62.2,60,4.22,4.27,2.64,2166
0.31,5,3,8,61.3,57,4.34,4.37,2.67,2558
1.7,3,6,5,62.3,58.1,7.57,7.66,4.74,2196
1.01,4,2,4,59.3,59,6.59,6.54,3.89,1836
0.3,5,1,7,61.1,57,4.34,4.36,2.66,1423
1.27,4,5,2,59.3,61,7.12,7.05,4.2,535
1.31,5,3,3,61.6,55,7.04,7.09,4.35,2826
0.51,5,3,4,62.9,57,5.11,5.09,3.21,2011
0.3,5,2,4,62.1,56,4.31,4.25,2.66,2092
1.05,3,4,8,58.9,61,6.64,6.67,3.92,845
0.24,3,2,4,64.1,59,3.88,3.92,2.5,2221
0.7,5,2,2,62,56,5.71,5.74,3.55,1278
0.41,4,1,3,61.4,58,4.76,4.78,2.93,3036
1.01,3,5,4,62.6,61,6.35,6.4,3.99,1839
0.4,4,2,3,62.6,59,4.68,4.71,2.94,3079
0.52,5,4,5,60.8,55,5.2,5.26,3.18,2790
1.31,5,3,2,62.7,57,7.05,6.98,4.4,2947
1.02,5,6,4,62.7,56,6.37,6.43,4.01,1139
0.57,3,2,3,60.3,57,5.34,5.4,3.24,387
0.35,4,3,4,62,59,4.55,4.51,2.81,2294
1.01,4,3,6,60.4,59,6.45,6.49,3.91,3223
1.01,3,3,3,59.8,59,6.39,6.43,3.83,1164
0.23,3,3,7,61.8,57,3.94,3.96,2.44,2905
0.71,4,4,5,62.2,59,5.73,5.66,3.54,2032
0.71,5,7,3,61,57,5.78,5.8,3.53,974
2.01,3,5,3,62.6,59,7.95,7.98,4.99,877
1,2,3,4,63.4,56,6.27,6.35,4,243
0.39,5,4,2,62,55,4.69,4.73,2.92,1306
0.96,5,3,5,61.7,56,6.4,6.34,3.93,2539
1.31,4,4,3,62.2,56,7.02,6.97,4.35,2616
0.54,3,3,7,59.7,56,5.33,5.35,3.19,2481
0.41,5,3,3,63,56,4.78,4.71,2.99,2069
0.31,2,3,4,63.7,59,4.26,4.31,2.73,2197
0.52,3,5,4,62,57,5.08,5.12,3.16,2887
0.71,3,4,3,61.1,61,5.71,5.72,3.49,164
0.33,5,2,4,60.5,56,4.48,4.51,2.72,1345
0.41,5,1,3,63,56,4.8,4.75,3.01,488
1.54,5,5,6,62.6,56,7.35,7.42,4.62,2171
0.38,5,6,6,62,54.5,4.66,4.69,2.9,509
0.5,2,6,6,64.8,56,4.92,4.99,3.21,3180
0.54,5,3,3,59.8,57,5.31,5.29,3.17,108
0.7,4,3,3,61,60,5.75,5.72,3.5,194
0.56,4,3,6,59.5,61,5.36,5.33,3.18,986
0.31,5,1,3,62.4,53,4.35,4.33,2.71,1522
1.59,3,4,3,59.5,61,7.57,7.65,4.53,2253
0.7,3,5,6,62.5,55,5.65,5.68,3.54,2894
1.14,5,4,5,60.9,57,6.7,6.82,4.12,468
1.39,5,3,2,62.2,56,7.2,7.15,4.46,955
0.82,4,4,2,60.7,61,6.01,5.98,3.64,327
1.52,2,7,4,63.1,61,7.19,7.23,4.55,742
0.79,5,6,2,62.1,56,5.92,5.97,3.69,3006
0.41,5,2,6,61.4,57,4.76,4.79,2.93,1474
0.74,5,5,3,62.1,56,5.77,5.83,3.6,2735
0.5,2,3,3,63.1,61,5.06,4.98,3.17,587
1.01,4,3,2,62.2,58,6.4,6.37,3.97,2248
0.33,5,4,6,61.7,55,4.42,4.46,2.74,508
1.58,3,6,3,63.1,55,7.42,7.45,4.69,635
1.1,5,1,6,62,57,6.57,6.62,4.09,3184
0.7,4,4,8,62.2,58,5.63,5.69,3.52,2590
0.33,4,4,5,61.8,59,4.45,4.39,2.73,2284
0.34,4,5,5,60.8,59,4.53,4.48,2.74,2128
0.41,5,2,4,62.2,56,4.75,4.8,2.97,2982
1.5,4,2,5,62.5,58,7.28,7.21,4.53,2893
1.5,2,3,2,62.6,64,7.25,7.19,4.52,544
0.34,5,5,3,61.3,57,4.54,4.55,2.78,1570
0.32,3,7,4,62.9,56,4.37,4.4,2.76,2455
1.2,5,5,4,62.6,56,6.76,6.73,4.22,126
1.5,3,6,2,63.2,52,7.28,7.24,4.59,2292
0.51,5,6,2,61.3,55,5.18,5.19,3.18,477
0.3,2,7,3,64,55,4.28,4.25,2.73,940
0.42,5,3,7,62,55,4.84,4.81,2.99,1066
1.02,4,5,3,61.9,58,6.43,6.47,3.99,884
0.7,2,1,2,59.3,60,5.74,5.8,3.42,1476
0.52,3,2,3,62.8,56,5.13,5.15,3.23,1009
1.02,5,3,6,61.9,57,6.53,6.42,4.01,2104
1.01,4,4,5,62.7,58,6.36,6.31,3.97,3181
0.54,5,3,2,61.8,56,5.26,5.29,3.26,332
1.02,5,1,5,60.8,55,6.55,6.5,3.97,220
0.56,5,4,3,63,55,5.26,5.22,3.3,1784
1.02,3,1,2,62.7,59,6.36,6.44,4.01,377
0.71,2,7,4,60.6,61,5.7,5.79,3.48,2037
1.34,5,4,2,61.1,56,7.11,7.13,4.35,1132
0.53,5,2,3,61.9,55,5.2,5.24,3.23,2278
0.3,4,3,5,60.5,60,4.31,4.29,2.6,2805
1.01,2,1,3,65.1,57,6.3,6.32,4.11,1510
1.01,3,4,2,63.3,56,6.26,6.33,3.99,195
1.01,4,7,2,61.2,59,6.43,6.37,3.92,26
0.53,5,3,6,62.2,54,5.22,5.19,3.24,2802
2.01,3,5,3,62.2,60,8.05,8,4.99,1832
0.47,5,3,4,60.7,56.1,5.02,5.08,3.07,2830
0.45,4,6,2,60.1,59,4.96,4.92,3.02,347
1.03,3,5,3,60.4,58,6.48,6.56,3.94,1927
1.13,5,4,4,62.7,56,6.65,6.61,4.16,2360
2.1,4,5,2,60.4,59,8.28,8.33,5.02,3103
0.7,3,5,3,62.7,56,5.6,5.62,3.52,2906
2,5,3,1,60.3,56,8.27,8.16,4.94,1807
0.35,5,1,4,62.3,55,4.52,4.54,2.82,1727
1.52,3,3,4,63.5,57,7.23,7.29,4.61,2784
1.03,3,5,3,60.8,60,6.47,6.5,3.94,1285
1.01,4,5,4,62.6,61,6.33,6.29,3.95,305
0.3,5,2,6,61.6,56,4.32,4.35,2.67,1437
0.79,5,1,4,61.3,57,5.95,6,3.66,1521
1.01,4,5,3,61.2,58,6.43,6.47,3.95,819
0.81,4,4,4,61.2,60,6,5.99,3.67,1660
0.34,2,6,3,63.7,54,4.48,4.43,2.84,147
0.7,2,1,3,61.6,62,5.67,5.72,3.51,2256
0.57,4,1,4,61.7,60,5.28,5.32,3.27,2889
0.7,5,1,5,63.1,54,5.62,5.65,3.56,815
1.56,4,3,2,58.8,59,7.76,7.61,4.52,1626
1.16,1,5,2,68.2,55,6.47,6.37,4.38,1233
1.01,3,1,3,63.6,59,6.33,6.37,4.04,507
0.44,3,2,5,62.2,58,4.8,4.85,3,1100
0.54,3,1,4,60.5,59,5.24,5.28,3.18,642
0.7,5,2,6,62.8,56,5.68,5.6,3.54,1622
2.01,4,6,4,61.1,60,8.12,8.06,4.94,2915
1.01,2,1,5,63.1,59,6.34,6.37,4.01,2762
0.51,3,2,6,60,58,5.2,5.23,3.13,411
0.38,5,3,3,61.7,56,4.68,4.72,2.9,1637
0.8,2,3,2,63.9,57,5.86,5.84,3.74,580
0.33,3,6,6,62.1,56,4.41,4.45,2.75,2021
0.53,5,5,4,62.1,54,5.21,5.23,3.24,2113
0.72,5,4,2,61.8,56,5.72,5.76,3.55,144
1.01,4,5,3,60.5,58,6.47,6.39,3.89,1538
0.26,3,4,5,61.9,56,4.07,4.1,2.53,549
1.01,3,1,3,61.1,58,6.46,6.51,3.96,2103
0.9,3,2,3,59.8,55,6.3,6.34,3.78,810
0.91,5,4,2,62.2,57,6.18,6.24,3.86,924
0.5,3,1,4,63.4,56,5.1,5.05,3.22,901
0.57,5,2,4,61.8,56,5.29,5.33,3.28,2424
0.41,5,6,4,61.5,55,4.8,4.82,2.96,1424
0.3,5,3,8,60,59,4.37,4.39,2.63,761
0.53,5,5,4,62.5,54,5.17,5.2,3.24,2836
0.32,5,3,4,62.4,55,4.43,4.41,2.76,2205
0.51,5,4,5,61.3,55.7,5.15,5.18,3.16,2958
0.4,5,4,3,62.3,54,4.74,4.77,2.96,2606
0.91,5,3,2,61.1,55,6.24,6.19,3.8,1723
0.31,5,1,3,62.2,55,4.37,4.34,2.71,641
0.34,4,6,5,59.5,59,4.59,4.55,2.72,2496
0.7,1,4,1,60.4,58,5.74,5.68,3.45,850
0.4,2,2,2,63.5,56,4.68,4.71,2.98,1348
1,3,3,3,59.4,60,6.47,6.52,3.86,1528
0.71,3,1,3,62.4,54,5.71,5.79,3.59,2677
0.9,3,3,4,62.6,58,6.08,6.13,3.82,170
0.73,2,2,3,63.2,58,5.7,5.76,3.62,352
0.41,5,2,6,61.9,56,4.75,4.78,2.95,2354
0.3,5,5,7,61.4,56,4.32,4.35,2.66,1314
0.31,5,5,8,62,54,4.38,4.4,2.72,1933
0.3,4,4,6,60.4,60,4.34,4.3,2.61,2689
1.21,4,3,3,61.6,59,6.82,6.79,4.19,2890
0.9,2,2,3,63.8,56,6.09,6.17,3.91,1834
0.41,3,5,2,61.5,59,4.8,4.82,2.96,2112
0.31,2,1,2,63.6,54,4.31,4.34,2.75,1584
0.36,2,2,2,63.7,54,4.55,4.52,2.89,109
0.3,5,2,6,62.2,54.4,4.3,4.32,2.68,2478
0.9,3,7,4,63.5,56,6.12,6.1,3.88,847
1.09,5,3,4,60.9,54,6.73,6.66,4.08,202
0.3,5,2,4,62,57,4.26,4.29,2.65,1947
0.29,1,3,3,55.8,60,4.48,4.41,2.48,1752
1.53,4,6,2,62.1,59,7.35,7.37,4.57,2734
0.75,3,2,3,63.6,56,5.73,5.75,3.65,135
0.31,4,2,4,58.6,58,4.46,4.42,2.6,2928
0.41,3,5,4,63.4,58,4.77,4.66,2.99,1124
0.3,3,3,4,62.9,57,4.26,4.29,2.69,762
1.13,4,5,3,60.9,59,6.79,6.7,4.11,1672
1,4,5,1,61.3,60,6.39,6.43,3.93,370
1.16,4,7,4,62.2,59,6.74,6.69,4.18,873
0.73,3,2,5,62.1,60,5.71,5.79,3.57,2017
0.31,4,2,4,60.5,60,4.34,4.36,2.63,2755
2.02,5,6,2,60.9,60,8.08,8.14,4.94,18
0.31,5,3,7,61.8,56,4.36,4.34,2.69,1731
0.41,5,3,7,61.8,55,4.78,4.76,2.95,2497
1.02,5,4,4,61.7,56,6.44,6.52,4,484
0.34,5,1,8,59.8,57,4.57,4.59,2.74,1548
0.91,3,5,4,62.6,57,6.15,6.21,3.87,3235
0.41,4,1,3,59.6,59,4.85,4.82,2.88,1388
0.5,4,3,4,62.1,58,5.1,5.01,3.14,1949
0.53,5,4,5,61.6,57,5.21,5.24,3.22,1041
0.34,5,4,4,62.1,55,4.49,4.46,2.78,45
1.54,3,7,3,61.2,59,7.41,7.45,4.55,1705
0.56,5,7,4,61.4,56,5.32,5.34,3.27,861
1.57,4,7,5,61.3,59,7.44,7.47,4.57,2603
1.13,5,5,3,61.9,60,6.63,6.65,4.11,1393
0.71,3,7,4,62.6,57,5.64,5.7,3.55,2301
0.76,4,6,4,62.8,61,5.78,5.74,3.62,1572
0.7,5,2,3,62.6,57,5.64,5.67,3.54,1277
0.47,1,2,3,65.2,59,4.75,4.82,3.12,1813
1.19,4,5,4,61.1,58,6.83,6.78,4.16,1288
1.1,5,3,6,61.2,56,6.65,6.68,4.08,3156
1.04,5,3,6,61.2,57,6.53,6.5,3.99,790
0.3,3,4,6,61.6,60,4.24,4.27,2.62,1460
0.41,4,6,7,62,56,4.77,4.75,2.95,1099
0.95,2,2,4,57.7,58,6.47,6.52,3.75,3108
0.3,5,3,7,61.2,55,4.33,4.36,2.66,1966
0.42,3,2,4,62.8,59,4.76,4.8,3,1683
0.3,4,5,4,63,59,4.29,4.25,2.69,2257
0.51,5,1,3,61.6,56,5.1,5.12,3.15,1079
1.29,5,7,3,61.5,57,7,7.06,4.32,2008
0.33,5,3,5,62.8,55,4.41,4.45,2.78,2637
0.5,1,3,5,65,55,5.01,4.96,3.24,190
0.73,5,4,3,60.6,57,5.84,5.87,3.55,3113
1.23,3,3,5,62,59,6.84,6.87,4.25,2213
0.33,4,3,4,62.1,59,4.4,4.45,2.75,2699
0.5,5,3,4,61.6,53,5.13,5.09,3.15,476
1.17,4,7,1,60.2,61,6.9,6.83,4.13,2053
0.71,4,1,6,60,58,5.92,5.84,3.53,2444
1.2,5,1,2,61.7,56,6.81,6.88,4.22,1711
2.01,4,6,4,62.8,58,8.01,7.94,5.01,3166
0.7,5,2,5,62.7,57,5.65,5.7,3.56,3048
0.33,5,6,8,61.5,56,4.43,4.47,2.74,2697
0.31,2,5,5,59.2,65,4.42,4.33,2.59,116
0.5,1,4,6,64.9,58,5,4.95,3.23,219
0.94,4,2,2,62.4,58,6.26,6.33,3.93,1776
0.33,5,2,6,61.8,56,4.46,4.44,2.75,748
0.4,4,3,4,62.1,58,4.71,4.76,2.94,3094
0.41,3,2,3,62.9,57,4.72,4.76,2.98,2550
0.41,5,4,3,61.6,55,4.81,4.84,2.97,1766
1,4,5,4,62.4,59,6.75,6.72,4.2,966
0.4,5,6,7,63,55,4.7,4.73,2.97,2862
1.01,4,4,1,59.4,61,6.51,6.45,3.85,1667
1,4,3,5,62.7,55,6.39,6.34,3.99,492
0.52,3,4,4,59.2,57,5.28,5.37,3.15,3066
1.37,4,7,2,60.7,60,7.19,7.07,4.33,314
0.83,5,5,2,61.8,57,6.08,5.99,3.73,235
0.44,4,2,3,62.2,60,4.86,4.79,3,2046
0.9,3,1,2,64,58,6.06,6.11,3.9,2026
0.31,5,3,8,62.1,55,4.34,4.35,2.7,2422
0.23,3,2,6,61.1,58,3.93,3.99,2.42,2064
0.33,5,2,7,62.6,58,4.36,4.4,2.74,2923
1.2,4,1,4,61.1,58,6.85,6.83,4.18,1704
0.51,5,1,3,62,55,5.11,5.15,3.18,1229
1.01,4,3,2,62.5,61,6.37,6.33,3.97,218
2.04,4,5,3,62.5,61,8.08,8.04,5.04,2198
0.24,3,3,5,63,58,3.92,3.95,2.48,42
0.9,5,4,5,62.5,57,6.18,6.13,3.84,1760
1.52,4,4,3,62.3,58,7.35,7.31,4.57,733
0.41,4,3,5,59.9,58,4.81,4.84,2.89,2038
1.3,5,4,8,61.3,56,7.03,7.06,4.32,1176
0.39,5,2,8,61.3,56,4.71,4.75,2.9,2464
0.31,5,5,8,61.8,57,4.32,4.35,2.68,1837
0.7,5,3,6,62,55,5.71,5.67,3.53,214
0.37,4,4,4,61.3,60,4.63,4.6,2.83,493
1.7,5,2,3,60.1,57,7.71,7.74,4.64,3008
2.01,4,7,4,61.8,61,8.06,7.97,4.95,2994
1.09,4,7,5,59.3,57,6.79,6.74,4.01,1556
1.1,4,7,2,59.6,59,6.74,6.72,4.01,941
0.32,4,4,3,62.5,58,4.43,4.4,2.76,989
0.52,3,3,6,62.1,58,5.12,5.16,3.19,2013
1,2,3,4,62.1,61,6.31,6.38,3.94,2459
1.5,5,3,4,60.3,57,7.42,7.33,4.45,1963
0.73,5,4,5,61.6,57,5.76,5.79,3.56,2060
0.7,3,5,3,62.2,56,5.64,5.67,3.52,1064
0.3,2,4,5,63.6,54,4.31,4.25,2.72,2487
0.42,5,5,3,61.7,55,4.84,4.85,2.99,211
1.21,4,5,3,59.8,58,6.95,6.9,4.14,2071
1.12,5,1,1,60.6,55,6.76,6.73,4.09,2399
0.54,5,5,4,62.6,57,5.24,5.2,3.27,1691
0.31,5,6,3,62.7,56,4.34,4.3,2.71,814
0.38,5,6,6,62,55,4.64,4.69,2.89,123
1.25,5,5,4,61.1,55,6.94,6.97,4.25,3142
0.91,4,3,2,63,59,6.17,6.12,3.87,838
0.51,4,1,3,61.9,60,5.15,5.12,3.18,2803
0.31,3,2,7,62.3,59,4.32,4.38,2.71,1640
0.52,4,1,3,59.7,60,5.26,5.19,3.12,499
0.34,5,4,4,62.4,57,4.48,4.46,2.79,2529
1.01,2,1,5,62.2,62,6.29,6.41,3.95,2599
0.51,5,2,4,60.9,56,5.2,5.15,3.15,744
0.81,5,2,2,62,55,6,5.96,3.71,1421
1.02,4,3,1,59.6,59,6.51,6.45,3.87,75
0.42,5,4,7,61.4,56,4.83,4.81,2.96,3187
0.31,5,3,4,60.8,57,4.38,4.41,2.67,2359
0.3,5,6,5,62.5,57,4.29,4.32,2.69,851
0.59,4,4,3,60.5,59,5.44,5.41,3.28,2147
0.58,1,1,2,65.1,58,5.25,5.22,3.41,863
0.54,5,2,4,61.9,57,5.2,5.23,3.23,2176
0.82,5,2,5,60,55,6.18,6.08,3.68,1001
1.23,5,6,2,62.1,56,6.84,6.88,4.26,15
1.06,3,5,4,62.4,56,6.49,6.56,4.07,1688
0.6,3,2,4,62.9,59,5.34,5.38,3.37,1811
0.4,3,2,2,58.7,59,4.78,4.82,2.82,2388
0.72,3,2,6,60.5,55,5.82,5.85,3.53,2710
1,3,3,7,63,56,6.32,6.37,4,1311
0.55,5,3,2,61.2,56,5.29,5.23,3.22,2102
0.31,5,6,4,62,54,4.37,4.4,2.72,953
1.55,3,3,3,63.1,56,7.4,7.38,4.66,2279
0.75,5,4,3,61.6,55,5.82,5.86,3.6,2626
0.32,3,4,7,61.9,58,4.36,4.39,2.71,341
0.4,5,1,5,62.9,56,4.71,4.67,2.95,364
0.39,5,2,6,61.6,56,4.69,4.73,2.9,378
1.01,5,5,4,62.7,56,6.4,6.35,4,2324
0.32,5,4,6,61.6,56,4.42,4.44,2.73,2116
0.73,4,2,4,62,60,5.76,5.73,3.56,300
0.62,2,4,4,61,62,5.41,5.5,3.33,3186
1.51,3,7,4,62.2,60,7.27,7.32,4.54,835
1.54,5,6,4,61.9,55.8,7.38,7.43,4.58,3109
0.5,2,4,6,64.1,56,5.06,5.02,3.23,1550
0.71,5,4,3,62.4,56,5.74,5.71,3.57,1668
1.25,1,5,2,64.4,58,6.82,6.71,4.36,1385
0.42,5,4,8,60.4,55,4.85,4.86,2.93,2761
1.06,4,4,3,59.6,58,6.73,6.67,3.99,1607
1.11,5,6,3,62.3,56,6.59,6.64,4.12,1763
0.31,4,2,3,62.6,60,4.35,4.31,2.71,2168
1.28,5,4,2,61.5,57,6.93,7,4.28,1636
0.96,3,2,2,62.6,60,6.26,6.32,3.94,1679
1.3,5,4,3,61.6,55,7.01,7.05,4.33,735
0.92,1,3,3,64.9,58,6.1,6.04,3.94,2412
0.4,5,2,5,60.4,57,4.76,4.81,2.89,1475
0.61,4,2,4,61.2,62,5.48,5.44,3.34,523
0.51,3,3,4,63.1,58,5.11,5.09,3.22,2615
1,4,3,3,60.7,60,6.36,6.4,3.87,1335
1.65,1,7,3,61.6,66,7.61,7.47,4.66,2098
0.7,5,2,4,61.5,56,5.73,5.68,3.51,2050
0.73,5,1,2,61.8,56,5.77,5.82,3.58,245
1.58,5,3,4,60,57,7.52,7.58,4.53,2968
0.41,5,4,6,61,57,4.78,4.8,2.92,2258
0.5,3,2,4,62.9,59,5.06,5.09,3.19,663
0.51,4,1,3,59.9,61,5.18,5.14,3.09,1685
0.53,5,6,8,62.1,55,5.18,5.22,3.23,1764
0.32,5,6,5,60.9,56,4.44,4.46,2.71,3133
0.38,5,4,3,62.4,57,4.65,4.62,2.89,251
1.01,3,1,2,59.8,57,6.51,6.57,3.91,399
1,2,5,3,63.9,56,6.31,6.28,4.02,2610
0.32,4,4,8,61,59,4.38,4.41,2.68,1072
0.5,2,1,3,60.5,57,5.1,5.14,3.1,2514
0.41,3,3,2,60.8,58,4.78,4.83,2.92,315
1.01,4,4,5,59.9,59,6.48,6.51,3.89,2738
0.72,5,6,6,61,57,5.81,5.84,3.55,2482
0.53,5,5,8,60.2,56,5.29,5.32,3.19,2907
0.65,4,1,6,59.9,58,5.69,5.63,3.39,1269
0.4,5,1,7,62.8,57,4.65,4.68,2.93,806
1.09,2,1,2,63.8,60,6.57,6.49,4.16,2077
1.54,3,1,5,59.1,59,7.51,7.55,4.45,2006
1.21,3,3,2,62.7,57,6.74,6.81,4.25,1880
1.41,4,5,4,62,58,7.19,7.12,4.44,288
2.16,5,2,2,61.4,57,8.36,8.33,5.12,2348
0.33,5,4,5,61.9,55,4.44,4.41,2.74,1343
1.07,5,2,2,62.4,60,6.49,6.52,4.06,258
0.34,3,4,5,62.2,55,4.48,4.52,2.8,2020
1,4,5,3,62.4,59,6.42,6.37,3.99,1965
1.11,4,2,5,59.8,60,6.75,6.72,4.03,1852
4,3,6,1,63.3,58,10.01,9.94,6.31,1600
1.5,3,5,3,63.5,58,7.23,7.17,4.57,319
1,1,2,3,58.1,63,6.6,6.52,3.81,2356
2.19,5,6,2,61.5,57,8.31,8.44,5.15,2669
1.21,5,5,2,62.6,56,6.84,6.77,4.26,1159
1.28,4,5,2,61.9,56,7.02,6.94,4.32,1749
0.7,3,4,3,63.3,61,5.6,5.55,3.53,532
0.54,4,1,4,61.1,55,5.37,5.24,3.24,248
0.56,5,4,6,62.5,56,5.24,5.28,3.29,764
0.65,2,6,5,61.1,61.7,5.55,5.59,3.4,339
1.2,4,3,1,62.9,58,6.86,6.79,4.29,416
2.35,4,5,3,62.6,60,8.42,8.38,5.26,372
0.31,3,3,4,61.4,58.4,4.37,4.4,2.69,338
1.7,4,6,6,61.7,57.4,7.62,7.67,4.71,3034
0.36,5,1,6,60.7,56,4.59,4.63,2.8,1199
0.51,4,4,5,61.1,58,5.12,5.19,3.15,3071
0.7,5,6,3,61.3,57,5.72,5.75,3.52,462
0.55,3,2,3,59.7,60,5.31,5.41,3.2,2694
0.3,4,1,4,60.7,60,4.37,4.33,2.64,554
1.24,5,4,3,61,56.4,6.93,6.99,4.25,1258
0.41,5,5,8,61.8,55,4.79,4.76,2.95,472
1.55,5,4,4,61.6,55,7.48,7.45,4.6,1467
0.39,4,2,4,62.5,60,4.64,4.67,2.91,2141
0.23,3,2,6,61.8,58,3.92,3.94,2.43,1911
0.33,5,5,6,61.7,56,4.41,4.44,2.73,2365
1.06,4,6,3,61.9,57,6.61,6.51,4.06,391
2.01,4,7,4,61.5,60,8.13,8.07,4.98,2997
0.58,5,4,3,62.2,55,5.33,5.37,3.33,2222
0.23,3,3,6,61.4,56,3.94,3.97,2.43,3164
0.37,5,5,8,61.4,55,4.63,4.66,2.85,538
0.32,5,5,3,61.2,56,4.43,4.46,2.72,1394
0.7,5,5,7,62,57,5.66,5.7,3.52,1857
0.8,5,2,3,61,57,6,6.03,3.67,2658
1.01,3,4,7,61.8,59,6.47,6.41,3.98,644
0.35,5,2,3,61.6,55,4.55,4.57,2.81,1861
0.52,5,6,3,61.8,56,5.15,5.18,3.19,2581
1.24,1,1,3,55.6,67,7.27,7.11,4,2468
0.51,4,2,2,59.5,60,5.25,5.17,3.1,44
1.21,5,5,7,62.8,55,6.78,6.82,4.27,1408
1.7,2,5,6,63.1,57,7.52,7.61,4.77,2370
1.41,3,7,5,59.4,59,7.34,7.38,4.37,1246
1.02,3,6,4,62.1,59,6.37,6.44,3.98,2087
0.3,3,5,6,62,56,4.28,4.3,2.66,2441
0.8,4,2,3,61.2,60,5.97,5.95,3.65,495
1,5,6,5,60.4,55,6.49,6.52,3.93,1567
1.18,5,6,3,61.5,56,6.77,6.82,4.18,115
0.72,5,5,7,59.9,59,5.76,5.82,3.47,792
0.7,5,3,7,61.7,56,5.68,5.73,3.52,1088
0.71,2,1,4,63.3,56,5.64,5.68,3.58,139
0.3,5,4,5,62.2,55,4.28,4.31,2.67,2327
0.29,2,3,3,57.4,61,4.39,4.42,2.53,1302
1.04,5,3,4,61.6,56,6.53,6.55,4.03,2024
2.01,3,6,4,63.8,59,7.89,7.85,5.02,921
0.41,5,2,7,61.3,57,4.77,4.79,2.93,1416
0.72,5,4,3,61.4,56,5.75,5.78,3.54,2375
0.5,5,1,3,60.9,57,5.11,5.13,3.12,51
0.4,3,2,3,60.9,56,4.76,4.8,2.91,2063
0.71,3,2,3,61.3,59,5.69,5.73,3.5,1831
0.3,3,1,5,63.5,55,4.24,4.29,2.71,321
0.28,3,1,7,60.6,58,4.23,4.25,2.57,564
0.71,5,6,6,62.2,54,5.7,5.75,3.56,274
0.35,5,6,5,62.1,54,4.54,4.57,2.83,866
0.53,4,2,2,60.5,60,5.21,5.24,3.16,2016
1.01,4,3,2,61.6,58,6.45,6.4,3.96,2921
0.32,4,4,4,61,59,4.46,4.42,2.71,2719
0.65,5,5,6,61.6,58,5.56,5.6,3.44,199
0.54,5,1,4,61.1,56,5.25,5.29,3.22,2655
0.4,3,4,3,58.3,62,4.81,4.86,2.82,603
0.52,3,3,2,62.3,60,5.1,5.13,3.19,516
0.41,3,2,2,61.3,57,4.79,4.83,2.95,2577
0.4,4,5,6,60.9,58,4.79,4.74,2.9,1284
0.57,5,4,5,62,55,5.35,5.29,3.3,774
0.5,5,4,6,62.2,56,5.02,5.11,3.15,1728
0.7,5,1,3,61.6,57,5.69,5.74,3.52,926
1.21,4,5,2,60,60,6.96,6.91,4.16,624
0.36,4,1,3,59.6,58,4.61,4.65,2.76,369
0.3,5,3,7,61.8,54,4.34,4.36,2.69,1577
1.08,3,2,2,59.5,59,6.71,6.78,4.01,525
0.42,5,1,3,62.4,57,4.77,4.84,3,2863
0.31,2,5,6,63.4,56,4.29,4.32,2.73,2740
0.35,4,3,5,60.5,58,4.59,4.57,2.77,445
1.24,5,6,3,62.1,56,6.88,6.84,4.26,2683
0.5,3,4,7,62.3,59,5.01,5.04,3.13,1321
0.7,3,4,4,63.1,58,5.69,5.66,3.58,1580
0.7,5,1,3,62.5,57,5.62,5.59,3.51,2498
0.33,5,1,4,60.7,57,4.5,4.46,2.72,388
1.52,4,2,4,61.8,59,7.38,7.31,4.54,3033
2.01,2,7,3,59.6,61,8.08,8.14,4.83,916
1.14,3,3,4,59,60,6.84,6.81,4.03,2297
0.55,5,1,4,62.3,55,5.24,5.29,3.28,1410
1.72,4,4,6,61.8,60,7.65,7.68,4.74,1048
0.5,5,4,2,62.1,55,5.12,5.15,3.19,2613
1.21,5,5,3,61.1,57,6.91,6.83,4.2,2402
1,5,4,3,62.4,56,6.34,6.41,3.98,2984
0.32,5,4,8,61.2,57,4.4,4.43,2.7,3110
1.01,5,2,3,62,56,6.41,6.47,3.99,41
2.48,3,3,2,63.4,56,8.64,8.55,5.45,2184
2.33,4,7,3,61.1,58,8.6,8.56,5.24,2086
0.37,3,2,3,61.4,60,4.6,4.62,2.83,1655
0.39,3,6,5,63.1,58,4.68,4.61,2.93,797
0.39,3,3,3,61.3,62,4.68,4.71,2.88,2909
0.38,4,4,4,59.7,62,4.68,4.66,2.79,97
0.28,5,2,5,61.4,56,4.24,4.2,2.59,2706
1,2,1,2,63.3,56,6.35,6.38,4.03,1384
1.16,5,6,2,62.8,57,6.8,6.64,4.22,1785
0.57,5,7,4,62.5,54,5.32,5.34,3.33,1651
1.14,5,5,3,61.5,55,6.72,6.75,4.14,891
0.31,3,1,4,62.3,55,4.32,4.35,2.7,2308
0.62,2,1,4,58.9,64,5.62,5.55,3.29,200
0.72,4,4,5,58.9,58,5.93,5.85,3.47,2203
1.29,3,4,2,63.2,54,6.96,6.94,4.39,1994
0.3,3,5,4,63.5,54,4.3,4.27,2.72,407
0.35,5,2,4,62.2,56,4.53,4.51,2.81,171
0.9,1,1,2,64.9,57,6.03,5.98,3.9,1859
0.41,3,3,4,62.8,57,4.73,4.76,2.98,1589
0.54,4,4,2,61.4,59,5.21,5.24,3.21,2971
0.4,3,1,5,63.3,57,4.66,4.72,2.97,221
0.52,5,4,8,61.5,56,5.21,5.16,3.19,151
0.7,5,4,2,61.6,57,5.68,5.65,3.49,695
0.51,5,2,2,61.3,61,5.13,5.15,3.15,1786
0.51,5,6,3,62.2,56,5.12,5.08,3.17,654
0.23,2,1,6,61.8,65,3.9,3.93,2.42,2368
1.42,4,3,2,59.7,57,7.33,7.3,4.37,1094
1,4,4,4,60,59,6.54,6.46,3.9,2377
0.31,5,4,3,62.2,55,4.36,4.35,2.71,2470
0.33,5,4,7,61.8,55,4.42,4.45,2.74,3158
0.31,5,2,4,61.6,57,4.35,4.38,2.69,301
0.9,4,7,5,62.1,62,6.12,6.05,3.78,2449
2.07,5,6,3,61.2,57,8.12,8.23,5,459
0.34,3,6,7,61.9,58,4.43,4.52,2.77,2331
1.05,4,3,2,61.7,60,6.58,6.49,4.03,50
0.72,5,4,3,61.4,54,5.79,5.81,3.56,1021
1.55,4,5,4,60.7,59,7.5,7.46,4.54,316
0.55,5,4,3,61.7,58,5.27,5.29,3.26,74
0.4,4,2,2,60.5,59,4.78,4.74,2.88,1440
0.41,5,3,4,61.8,57,4.75,4.79,2.95,2764
2,2,2,2,57.6,63,8.2,8.16,4.73,1971
0.33,5,4,6,61.7,55,4.46,4.49,2.76,34
1.51,4,5,4,62.8,60,7.28,7.25,4.56,3193
1.3,4,4,7,60.5,60,7.05,7.01,4.25,355
0.52,5,1,4,61.8,57,5.16,5.2,3.2,837
0.3,5,4,5,61.8,56,4.32,4.35,2.68,1955
1.14,3,1,8,59.1,58,6.83,6.9,4.06,447
0.73,3,4,3,60.8,56,5.82,5.85,3.55,854
0.7,3,1,3,61,59,5.67,5.7,3.47,505
1,3,6,5,63.3,55,6.39,6.34,4.03,179
2.18,3,6,2,58.9,60,8.51,8.55,5.02,2358
0.34,5,3,8,62.3,54,4.48,4.51,2.8,758
1.14,3,2,8,63.3,57,6.63,6.71,4.22,1383
0.35,4,2,2,61.5,59,4.56,4.52,2.79,2956
1,4,3,6,59.9,60,6.46,6.5,3.88,718
1.21,5,2,4,60.3,60,6.92,6.88,4.16,2363
1.24,5,4,5,61.9,54,6.89,6.92,4.27,470
0.83,5,3,4,61.6,58,6.04,6.07,3.73,2374
1.26,4,5,2,58.6,59,7.09,7.04,4.14,975
0.29,3,4,4,62.5,56,4.21,4.24,2.64,2329
0.52,3,4,3,63.1,58,5.11,5.13,3.23,1875
0.9,3,1,3,62.1,60,6.14,6.2,3.83,1768
0.31,3,2,4,61.6,59,4.32,4.35,2.67,595
2.14,4,6,4,59.3,59,8.39,8.43,5,1833
0.72,3,5,2,63.5,58,5.65,5.68,3.6,3175
2.02,1,5,3,66.3,57,7.71,7.79,5.14,2259
1.02,4,3,4,62.7,59,6.44,6.41,4.03,1845
1.21,5,4,5,61.3,57,6.82,6.87,4.2,2170
0.36,5,3,3,61.5,57,4.59,4.55,2.81,1922
1.01,3,6,3,62,54,6.36,6.51,3.99,87
0.72,5,2,3,59.8,57,5.86,5.91,3.52,1893
0.54,5,5,7,60.3,56,5.33,5.28,3.2,2635
0.6,3,6,4,60.6,60,5.46,5.49,3.32,3055
0.32,5,1,3,61.3,55,4.41,4.46,2.72,2627
0.52,5,3,6,60.9,56,5.19,5.23,3.17,2476
1.35,4,6,3,59.2,59,7.24,7.18,4.27,1220
0.33,5,6,8,61.7,55,4.45,4.49,2.76,2431
1,5,6,3,61.6,59,6.34,6.42,3.93,276
0.3,4,2,4,62.9,58,4.24,4.22,2.66,2437
0.25,3,3,6,61.6,57,4.05,4.07,2.5,2644
0.34,3,2,5,62.3,53,4.47,4.52,2.8,2713
