row_id,variable,shap_value,feature_value
1,Age,-0.26330179939324505,22
1,SibSp,0.061621823397504674,1
1,Parch,0.013214070582952962,0
1,Fare,-0.6067175084334289,7.25
1,Pclass_X2,0.02364481338553681,0
1,Pclass_X3,-0.20991181806529174,1
1,Sex_male,-1.2039346791839713,1
1,Embarked_Q,0.016507914208784762,0
1,Embarked_S,-0.393640064878064,1
1,BIAS,-0.01190503446912048,0
2,Age,-0.09325568053693539,38
2,SibSp,0.10676187349849285,1
2,Parch,0.03147823232953974,0
2,Fare,0.685602046619284,71.2833
2,Pclass_X2,0.022413888997209412,0
2,Pclass_X3,0.8630054478442488,0
2,Sex_male,1.9748480642194302,0
2,Embarked_Q,0.008106307744970065,0
2,Embarked_S,0.14766706476182057,0
2,BIAS,-0.01190503446912048,0
3,Age,0.03006462475573154,35
3,SibSp,0.09713309571619543,1
3,Parch,0.03140022814544624,0
3,Fare,0.8106871328493196,53.1
3,Pclass_X2,0.01937432514091625,0
3,Pclass_X3,1.017061003956646,0
3,Sex_male,1.8822527115187317,0
3,Embarked_Q,0.003948444932831666,0
3,Embarked_S,-0.0740806072603831,1
3,BIAS,-0.01190503446912048,0
4,Age,0.2888376332459137,14
4,SibSp,0.008976765295997554,1
4,Parch,0.03649636002334013,0
4,Fare,0.4238395245871123,30.0708
4,Pclass_X2,-0.09299550564570122,1
4,Pclass_X3,0.7243040926393058,0
4,Sex_male,1.7334239833969962,0
4,Embarked_Q,0.0065077621051526984,0
4,Embarked_S,0.15979121138241148,0
4,BIAS,-0.01190503446912048,0
5,Age,2.1948034883165373,2
5,SibSp,-1.9387136466823263,4
5,Parch,-0.07093671353141806,1
5,Fare,0.2437062212970081,29.125
5,Pclass_X2,0.017351825982856846,0
5,Pclass_X3,-0.20202937404411125,1
5,Sex_male,-0.42761151496663924,1
5,Embarked_Q,-0.008145974036441654,1
5,Embarked_S,0.1494612685279644,0
5,BIAS,-0.01190503446912048,0
6,Age,-0.9792177670249698,27.415930487859754
6,SibSp,0.029870803338602054,0
6,Parch,0.0066099857327202565,0
6,Fare,-0.4862303579543437,7.8958
6,Pclass_X2,0.034392498019016504,0
6,Pclass_X3,-0.21273192715093184,1
6,Sex_male,-1.2986778288042449,1
6,Embarked_Q,0.008194391407825654,0
6,Embarked_S,-0.14427377880464132,1
6,BIAS,-0.01190503446912048,0
7,Age,0.14237009622656446,33.93626199916368
7,SibSp,0.10189105708203801,1
7,Parch,0.03157179984346935,0
7,Fare,0.26753826063271663,146.5208
7,Pclass_X2,0.01956853697222231,0
7,Pclass_X3,0.785581397868898,0
7,Sex_male,1.7714111768165441,0
7,Embarked_Q,0.008106307744970065,0
7,Embarked_S,0.13865641889786828,0
7,BIAS,-0.01190503446912048,0
8,Age,-0.2297437814939842,66
8,SibSp,0.03565835081633205,0
8,Parch,0.007280575304899935,0
8,Fare,0.13894697658122582,10.5
8,Pclass_X2,0.06260163525153159,1
8,Pclass_X3,0.20016808334468725,0
8,Sex_male,-1.290595191421391,1
8,Embarked_Q,0.008194391407825654,0
8,Embarked_S,-0.08856483290824789,1
8,BIAS,-0.01190503446912048,0
9,Age,-0.052879584470627,28.38539933724613
9,SibSp,0.04704281807386175,0
9,Parch,0.009394321798709769,0
9,Fare,0.1547592054261301,7.75
9,Pclass_X2,0.017822326130445213,0
9,Pclass_X3,-0.5850048483574484,1
9,Sex_male,2.097574005857381,0
9,Embarked_Q,-0.021670624503867236,1
9,Embarked_S,0.28301335386021215,0
9,BIAS,-0.01190503446912048,0
10,Age,0.17236467379866136,18
10,SibSp,0.0301156380641647,1
10,Parch,0.029461555855394856,0
10,Fare,-0.18275472211424904,17.8
10,Pclass_X2,0.024692219403005148,0
10,Pclass_X3,-0.8214711331151493,1
10,Sex_male,1.7948363336543762,0
10,Embarked_Q,0.003966892566811624,0
10,Embarked_S,-0.29043297611253993,1
10,BIAS,-0.01190503446912048,0
11,Age,-0.21360611916655756,21
11,SibSp,0.12196451603629184,0
11,Parch,0.007953326185952021,0
11,Fare,-0.22109676783797894,10.5
11,Pclass_X2,-0.07029417314236736,1
11,Pclass_X3,0.8362276893366569,0
11,Sex_male,2.8117364383003642,0
11,Embarked_Q,0.003966892566811624,0
11,Embarked_S,-0.08071392527564931,1
11,BIAS,-0.01190503446912048,0
12,Age,-0.3731745415437056,28.5
12,SibSp,0.033087908321895794,0
12,Parch,0.01068242881334887,0
12,Fare,-0.3814743365978314,7.2292
12,Pclass_X2,0.022996429943059764,0
12,Pclass_X3,-0.1875214808955408,1
12,Sex_male,-1.1884730718633354,1
12,Embarked_Q,0.10061040876068272,0
12,Embarked_S,0.45607283273127946,0
12,BIAS,-0.01190503446912048,0
13,Age,-0.14081364644495054,38
13,SibSp,0.04742719997127236,0
13,Parch,0.024962646694660227,0
13,Fare,0.619404291913976,80
13,Pclass_X2,0.01892712938777596,0
13,Pclass_X3,0.86721785731832,0
13,Sex_male,2.154913706368476,0
13,Embarked_Q,0.008106307744970065,NA
13,Embarked_S,0.13823179011836517,NA
13,BIAS,-0.01190503446912048,0
14,Age,0.008933147306270622,45
14,SibSp,0.24720916612795418,1
14,Parch,0.07508386719712777,0
14,Fare,1.0625193838910771,83.475
14,Pclass_X2,0.06343260962552413,0
14,Pclass_X3,0.23778296902227278,0
14,Sex_male,-1.1196151103733623,1
14,Embarked_Q,0.006056247757196877,0
14,Embarked_S,-0.08573600737659669,1
14,BIAS,-0.01190503446912048,0
15,Age,0.06916549224331504,29
15,SibSp,0.05988216260132961,0
15,Parch,0.008535840741549044,0
15,Fare,-0.1758573377116276,10.5
15,Pclass_X2,-0.0950083265328417,1
15,Pclass_X3,0.7916579893461352,0
15,Sex_male,2.3495742718732844,0
15,Embarked_Q,0.004749281890497304,0
15,Embarked_S,-0.06000187650068694,1
15,BIAS,-0.01190503446912048,0
16,Age,-0.11197354149809521,25
16,SibSp,0.03380097544712576,0
16,Parch,0.011614276978035964,0
16,Fare,-0.8928500633701286,7.65
16,Pclass_X2,0.03348518135701787,0
16,Pclass_X3,-0.21865931293194502,1
16,Sex_male,-1.179354666126068,1
16,Embarked_Q,0.016507914208784762,0
16,Embarked_S,-0.403551587023915,1
16,BIAS,-0.01190503446912048,0
17,Age,-1.019280205570652,27.415930487859754
17,SibSp,0.022737935121587432,0
17,Parch,0.0066099857327202565,0
17,Fare,-0.47348212981794763,8.05
17,Pclass_X2,0.027489956921487074,0
17,Pclass_X3,-0.24661951605447346,1
17,Sex_male,-1.1205675786146747,1
17,Embarked_Q,0.008194391407825654,0
17,Embarked_S,-0.13913227516032137,1
17,BIAS,-0.01190503446912048,0
18,Age,-0.07265655152098004,30
18,SibSp,0.051089064792258235,0
18,Parch,0.01028738693984978,0
18,Fare,-0.19019959977915146,12.475
18,Pclass_X2,0.02135840646257752,0
18,Pclass_X3,-0.9890615838304809,1
18,Sex_male,1.3350458859807524,0
18,Embarked_Q,0.004749281890497304,0
18,Embarked_S,-0.09679611148760602,1
18,BIAS,-0.01190503446912048,0
19,Age,0.16583640125502502,17
19,SibSp,0.1245769110268478,0
19,Parch,0.00840264206284411,0
19,Fare,-0.10427291282471973,10.5
19,Pclass_X2,-0.0831100424721939,1
19,Pclass_X3,0.7237267514413371,0
19,Sex_male,2.5539385929444434,0
19,Embarked_Q,0.003966892566811624,0
19,Embarked_S,-0.07866581495616844,1
19,BIAS,-0.01190503446912048,0
20,Age,0.014981669471045409,33
20,SibSp,-0.9311180111005699,3
20,Parch,0.02478166099383586,0
20,Fare,0.07574653251375071,15.85
20,Pclass_X2,0.003575878065486284,0
20,Pclass_X3,-0.7254480745208333,1
20,Sex_male,1.8780223426021851,0
20,Embarked_Q,0.004501804604376441,0
20,Embarked_S,-0.10281256651267007,1
20,BIAS,-0.01190503446912048,0
21,Age,0.15081441911859167,16
21,SibSp,0.18664059889687248,1
21,Parch,-0.1994573279224001,3
21,Fare,0.7075678626006097,34.375
21,Pclass_X2,0.13448037800989118,0
21,Pclass_X3,-0.26584779511044426,1
21,Sex_male,-0.5763154817039629,1
21,Embarked_Q,0.005264361797403899,0
21,Embarked_S,-0.12627167296087816,1
21,BIAS,-0.01190503446912048,0
22,Age,-0.21802140943655124,23
22,SibSp,-1.156577364973454,3
22,Parch,-0.05996726508148318,2
22,Fare,0.17341492173509004,263
22,Pclass_X2,0.016571703811586718,0
22,Pclass_X3,0.7848556343797857,0
22,Sex_male,2.056266622037915,0
22,Embarked_Q,0.00331179292288092,0
22,Embarked_S,-0.08067157785548297,1
22,BIAS,-0.01190503446912048,0
23,Age,-0.34003092519562944,59
23,SibSp,0.01950713310464799,0
23,Parch,0.010931303572126705,0
23,Fare,-0.6229542121177388,7.25
23,Pclass_X2,0.0038286786129674527,0
23,Pclass_X3,-0.206187512280989,1
23,Sex_male,-1.2036788863884802,1
23,Embarked_Q,0.018608520934619534,0
23,Embarked_S,-0.3006201816978392,1
23,BIAS,-0.01190503446912048,0
24,Age,-0.7570250471411542,71
24,SibSp,-0.047841510910696314,0
24,Parch,0.040607466699487664,0
24,Fare,0.5413557498437328,34.6542
24,Pclass_X2,0.026551143609913595,0
24,Pclass_X3,0.21402178581072206,0
24,Sex_male,-1.3264005378946542,1
24,Embarked_Q,0.016963413666027924,0
24,Embarked_S,0.16192661564613847,0
24,BIAS,-0.01190503446912048,0
25,Age,-0.22429585944031744,28
25,SibSp,0.06976249202659318,0
25,Parch,0.009394321798709769,0
25,Fare,0.11480564765922445,7.8958
25,Pclass_X2,0.01424209109606008,0
25,Pclass_X3,-0.6854896807784071,1
25,Sex_male,2.3149732451344716,0
25,Embarked_Q,0.004749281890497304,0
25,Embarked_S,-0.1461385065019509,1
25,BIAS,-0.01190503446912048,0
26,Age,-0.3581410915352111,21
26,SibSp,0.04504542147370664,0
26,Parch,-0.08683773229223048,1
26,Fare,1.141534705253561,77.2875
26,Pclass_X2,0.10120363296681924,0
26,Pclass_X3,0.2331491912633478,0
26,Sex_male,-1.277829685742689,1
26,Embarked_Q,0.005264361797403899,0
26,Embarked_S,-0.0901010721551625,1
26,BIAS,-0.01190503446912048,0
27,Age,-0.9006305389239493,28
27,SibSp,0.030301715244972983,0
27,Parch,0.0066099857327202565,0
27,Fare,-0.4733859802559504,7.8958
27,Pclass_X2,0.037335541157272924,0
27,Pclass_X3,-0.21847449898180768,1
27,Sex_male,-1.275785541114944,1
27,Embarked_Q,0.008194391407825654,0
27,Embarked_S,-0.1423232119742903,1
27,BIAS,-0.01190503446912048,0
28,Age,0.6777332357117501,14.5
28,SibSp,0.0754911630007028,1
28,Parch,0.011064126249177944,0
28,Fare,-0.34552862204606044,14.4542
28,Pclass_X2,0.020774642610216824,0
28,Pclass_X3,-0.7725546221916292,1
28,Sex_male,1.023102844458397,0
28,Embarked_Q,0.008182081897446887,0
28,Embarked_S,0.3413901362920806,0
28,BIAS,-0.01190503446912048,0
29,Age,0.2956846808990441,32.5
29,SibSp,0.10978409261332443,1
29,Parch,0.08966468176274507,0
29,Fare,0.8734994167822506,30.0708
29,Pclass_X2,-0.2411427105144415,1
29,Pclass_X3,0.23372576414283416,0
29,Sex_male,-1.1120057900399254,1
29,Embarked_Q,0.016963413666027924,0
29,Embarked_S,0.14621343311156754,0
29,BIAS,-0.01190503446912048,0
30,Age,-0.23391953646414326,24
30,SibSp,0.027613569227878054,0
30,Parch,0.010889311018098757,0
30,Fare,-1.384552012170606,7.1417
30,Pclass_X2,0.021183594349075057,0
30,Pclass_X3,-0.21468074548010058,1
30,Sex_male,-1.4073257591267434,1
30,Embarked_Q,0.015678491324197782,0
30,Embarked_S,-0.36303720132514017,1
30,BIAS,-0.01190503446912048,0
31,Age,-0.2195189577616712,22
31,SibSp,0.08129715206988082,0
31,Parch,0.00970886339551379,0
31,Fare,0.239749361760976,7.75
31,Pclass_X2,0.01613360491770701,0
31,Pclass_X3,-0.7779324617972981,1
31,Sex_male,2.1334719733251193,0
31,Embarked_Q,0.00804277480241614,0
31,Embarked_S,-0.2079861035101129,1
31,BIAS,-0.01190503446912048,0
32,Age,0.24849103433059555,9
32,SibSp,-0.30759708045965084,2
32,Parch,-0.09302055696225513,2
32,Fare,-0.16870886741048866,34.375
32,Pclass_X2,0.020216862552342653,0
32,Pclass_X3,-1.1301767219806509,1
32,Sex_male,1.2900731843185744,0
32,Embarked_Q,0.003559270209001784,0
32,Embarked_S,-0.2573288443390389,1
32,BIAS,-0.01190503446912048,0
33,Age,-0.29118289357620925,22
33,SibSp,0.02765464352784355,1
33,Parch,0.03142037585194261,0
33,Fare,0.6735829386218734,66.6
33,Pclass_X2,0.03225678568733117,0
33,Pclass_X3,0.9334802868126253,0
33,Sex_male,1.959995297584184,0
33,Embarked_Q,0.003559270209001784,0
33,Embarked_S,-0.09040455301956972,1
33,BIAS,-0.01190503446912048,0
34,Age,-0.4375022335773984,55.5
34,SibSp,0.012956027848907503,0
34,Parch,0.007750360991925746,0
34,Fare,0.06333274625767822,8.05
34,Pclass_X2,-0.02616693670471179,0
34,Pclass_X3,-0.2429142921520729,1
34,Sex_male,-0.88238193909049,1
34,Embarked_Q,0.008194391407825654,0
34,Embarked_S,-0.10053445659072925,1
34,BIAS,-0.01190503446912048,0
35,Age,-0.26663292385889825,28.274919586434024
35,SibSp,0.029544471688868413,0
35,Parch,0.01068242881334887,0
35,Fare,-0.6272646590134343,7.3125
35,Pclass_X2,0.020061579800459722,0
35,Pclass_X3,-0.20351413226663653,1
35,Sex_male,-1.2979065785633415,1
35,Embarked_Q,0.018608520934619534,0
35,Embarked_S,-0.36960414362566335,1
35,BIAS,-0.01190503446912048,0
36,Age,2.4220097154629943,1
36,SibSp,-1.8699146188217934,4
36,Parch,-0.05416277823579615,1
36,Fare,0.006342222049774448,39.6875
36,Pclass_X2,0.01553514219919395,0
36,Pclass_X3,-0.239041932401792,1
36,Sex_male,-0.36171144242201814,1
36,Embarked_Q,0.00447479116385595,0
36,Embarked_S,-0.07801062160188968,1
36,BIAS,-0.01190503446912048,0
37,Age,1.3011180421151425,9
37,SibSp,0.09592474465966383,0
37,Parch,4.958477427742388e-4,2
37,Fare,-0.21069592706674548,20.525
37,Pclass_X2,0.01851704024256706,0
37,Pclass_X3,-0.2298254822095246,1
37,Sex_male,-0.7617208087214511,1
37,Embarked_Q,0.006093784681990879,0
37,Embarked_S,-0.18925126147458982,1
37,BIAS,-0.01190503446912048,0
38,Age,0.3233438989057674,9
38,SibSp,-1.6669203037242881,4
38,Parch,-0.19696295881122558,2
38,Fare,0.3356036517801062,31.3875
38,Pclass_X2,0.023413672844251207,0
38,Pclass_X3,-0.2491813070957564,1
38,Sex_male,-0.6804390068014333,1
38,Embarked_Q,0.004762288264263772,0
38,Embarked_S,-0.09627482727888079,1
38,BIAS,-0.01190503446912048,0
39,Age,0.32422765208545234,26.442787290371484
39,SibSp,0.04916404172929863,1
39,Parch,0.029786545376505862,0
39,Fare,0.05857885180083743,15.5
39,Pclass_X2,0.042253758574007046,0
39,Pclass_X3,-0.5353055394666675,1
39,Sex_male,1.5665022338447319,0
39,Embarked_Q,-0.006665809226436198,1
39,Embarked_S,0.37221166976447473,0
39,BIAS,-0.01190503446912048,0
40,Age,-0.19367753325208817,24
40,SibSp,0.12184547873350954,0
40,Parch,0.007953326185952021,0
40,Fare,-0.2527078489526321,13
40,Pclass_X2,-0.07349769367878739,1
40,Pclass_X3,0.8390218322624574,0
40,Sex_male,2.8267489136972372,0
40,Embarked_Q,0.003966892566811624,0
40,Embarked_S,-0.08351549055893846,1
40,BIAS,-0.01190503446912048,0
41,Age,0.2957805987835527,9.466449091690588
41,SibSp,-1.709716820386818,8
41,Parch,-0.19696295881122558,2
41,Fare,0.5464136569256998,69.55
41,Pclass_X2,0.023346724996919917,0
41,Pclass_X3,-0.2489481155556356,1
41,Sex_male,-0.645956831011208,1
41,Embarked_Q,0.004762288264263772,0
41,Embarked_S,-0.09627482727888079,1
41,BIAS,-0.01190503446912048,0
42,Age,-0.23369373761207407,24
42,SibSp,0.027613569227878054,0
42,Parch,0.010889311018098757,0
42,Fare,-1.3733516149463516,7.05
42,Pclass_X2,0.021183594349075057,0
42,Pclass_X3,-0.21468074548010058,1
42,Sex_male,-1.404677271144323,1
42,Embarked_Q,0.015678491324197782,0
42,Embarked_S,-0.3589375800549512,1
42,BIAS,-0.01190503446912048,0
43,Age,0.12320828451961637,30
43,SibSp,0.049653566561490066,0
43,Parch,0.010180631292060394,0
43,Fare,0.09290097638963993,13
43,Pclass_X2,-0.34325458998586017,1
43,Pclass_X3,0.20991659014647868,0
43,Sex_male,-1.3012072397962096,1
43,Embarked_Q,0.008194391407825654,0
43,Embarked_S,-0.09534213412855924,1
43,BIAS,-0.01190503446912048,0
44,Age,0.3689637336299666,9.466449091690588
44,SibSp,-1.0579635328045072,3
44,Parch,0.014642591355004203,1
44,Fare,-0.6123071602225278,25.4667
44,Pclass_X2,0.005907375869534395,0
44,Pclass_X3,-0.9480177523898934,1
44,Sex_male,1.3667852484648697,0
44,Embarked_Q,0.003719415280690761,0
44,Embarked_S,-0.25119648865982935,1
44,BIAS,-0.01190503446912048,0
45,Age,0.8972051372622606,5
45,SibSp,-1.3995173421627596,4
45,Parch,-0.04915988386100497,2
45,Fare,-0.30538321190674106,31.3875
45,Pclass_X2,0.009283845918744434,0
45,Pclass_X3,-0.9784625831882559,1
45,Sex_male,0.8581189884012814,0
45,Embarked_Q,0.003148979578220257,0
45,Embarked_S,-0.22574076530120188,1
45,BIAS,-0.01190503446912048,0
46,Age,0.796211673972757,33
46,SibSp,0.06846055106824371,0
46,Parch,0.008427264470992058,0
46,Fare,0.20859283135786413,12.275
46,Pclass_X2,-0.07622852796630418,1
46,Pclass_X3,0.23698530555069214,0
46,Sex_male,-1.1620999237246452,1
46,Embarked_Q,0.008194391407825654,0
46,Embarked_S,-0.07251051663268052,1
46,BIAS,-0.01190503446912048,0
47,Age,0.32422765208545234,26.442787290371484
47,SibSp,0.04916404172929863,1
47,Parch,0.029786545376505862,0
47,Fare,0.05857885180083743,15.5
47,Pclass_X2,0.042253758574007046,0
47,Pclass_X3,-0.5353055394666675,1
47,Sex_male,1.5665022338447319,0
47,Embarked_Q,-0.006665809226436198,1
47,Embarked_S,0.37221166976447473,0
47,BIAS,-0.01190503446912048,0
48,Age,-0.06903891266297102,44
48,SibSp,-0.397723766854742,2
48,Parch,0.07508386719712777,0
48,Fare,0.8702239049069728,90
48,Pclass_X2,0.06905902160628057,0
48,Pclass_X3,0.21323656709572628,0
48,Sex_male,-1.2712008839504578,1
48,Embarked_Q,-0.013657394737468742,1
48,Embarked_S,0.17985202236051429,0
48,BIAS,-0.01190503446912048,0
49,Age,-0.2062783939837693,37
49,SibSp,0.16191685790504792,1
49,Parch,-0.1884512610268585,1
49,Fare,1.3910554044190515,52.5542
49,Pclass_X2,0.05791196460794793,0
49,Pclass_X3,0.24794121431607616,0
49,Sex_male,-1.150863261565882,1
49,Embarked_Q,0.006056247757196877,0
49,Embarked_S,-0.0868171318156107,1
49,BIAS,-0.01190503446912048,0
50,Age,-0.0065677799790798495,52
50,SibSp,0.22593430372455395,1
50,Parch,-0.18293468040723235,1
50,Fare,1.0434648373078144,79.65
50,Pclass_X2,0.05259160303834955,0
50,Pclass_X3,0.23033823348792365,0
50,Sex_male,-1.1572254778767088,1
50,Embarked_Q,0.006056247757196877,0
50,Embarked_S,-0.09035076172036961,1
50,BIAS,-0.01190503446912048,0
51,Age,-0.12258378973849245,25
51,SibSp,0.029245285966855973,0
51,Parch,0.011614276978035964,0
51,Fare,-1.6817482577888003,0
51,Pclass_X2,0.03348518135701787,0
51,Pclass_X3,-0.21865931293194502,1
51,Sex_male,-1.3486188563334323,1
51,Embarked_Q,0.015678491324197782,0
51,Embarked_S,-0.3768525767319534,1
51,BIAS,-0.01190503446912048,0
52,Age,1.4745163484656303,7
52,SibSp,-2.0605972843418137,4
52,Parch,-0.06718220324670149,1
52,Fare,0.20114783596685878,29.125
52,Pclass_X2,0.017212918754729207,0
52,Pclass_X3,-0.20202937404411125,1
52,Sex_male,-0.5896119288932401,1
52,Embarked_Q,-0.008145974036441654,1
52,Embarked_S,0.15789155104069963,0
52,BIAS,-0.01190503446912048,0
53,Age,-0.21753168396412076,35
53,SibSp,0.03881908494827003,1
53,Parch,0.018533820958418396,1
53,Fare,-0.2678549709971693,20.25
53,Pclass_X2,0.006430687510063767,0
53,Pclass_X3,-0.9136785206224067,1
53,Sex_male,1.9182369841920774,0
53,Embarked_Q,0.004749281890497304,0
53,Embarked_S,-0.2173414221389823,1
53,BIAS,-0.01190503446912048,0
54,Age,-0.7152974886267871,28
54,SibSp,0.05275555570001765,0
54,Parch,0.0066099857327202565,0
54,Fare,0.29987642596385317,7.8542
54,Pclass_X2,0.05112584485019699,0
54,Pclass_X3,-0.20765600480931845,1
54,Sex_male,-1.1002762500678347,1
54,Embarked_Q,0.008194391407825654,0
54,Embarked_S,-0.1285469052616972,1
54,BIAS,-0.01190503446912048,0
55,Age,0.2662107803908278,16
55,SibSp,0.04462592536357962,0
55,Parch,0.009423481374309076,0
55,Fare,-0.0047954174528273014,9.5
55,Pclass_X2,0.06335376920605582,0
55,Pclass_X3,-0.24242167696974376,1
55,Sex_male,-0.8487686993657473,1
55,Embarked_Q,0.006093784681990879,0
55,Embarked_S,-0.1561238290140812,1
55,BIAS,-0.01190503446912048,0
56,Age,-0.08819426173371729,42
56,SibSp,0.058537514136859335,0
56,Parch,0.009387853851004,0
56,Fare,-0.14236698173620202,13
56,Pclass_X2,-0.06914770516725141,1
56,Pclass_X3,0.22178452002005286,0
56,Sex_male,-1.2926785619533334,1
56,Embarked_Q,0.008194391407825654,0
56,Embarked_S,-0.09630773628030388,1
56,BIAS,-0.01190503446912048,0
57,Age,-0.17163309467175797,22
57,SibSp,0.05588474317597904,0
57,Parch,0.00970886339551379,0
57,Fare,0.18370550451826456,7.75
57,Pclass_X2,0.0177593948882418,0
57,Pclass_X3,-0.6760385006105039,1
57,Sex_male,1.9384589200369085,0
57,Embarked_Q,-0.018509896935079873,1
57,Embarked_S,0.30672081750159447,0
57,BIAS,-0.01190503446912048,0
58,Age,-0.052780787417186496,36
58,SibSp,0.06367591345134019,0
58,Parch,0.008427264470992058,0
58,Fare,-0.02506151432331084,12.875
58,Pclass_X2,-0.05191250445358739,1
58,Pclass_X3,0.2250402154372223,0
58,Sex_male,-1.225240994600723,1
58,Embarked_Q,0.043136548065760304,0
58,Embarked_S,0.352360457786088,0
58,BIAS,-0.01190503446912048,0
59,Age,-0.11857652730740385,42.71629549906002
59,SibSp,0.058595636365459704,0
59,Parch,0.08704065612559522,0
59,Fare,1.0743695752214946,27.7208
59,Pclass_X2,0.06365954156774092,0
59,Pclass_X3,0.21687798953615536,0
59,Sex_male,-0.9076436583616396,1
59,Embarked_Q,0.016963413666027924,0
59,Embarked_S,0.14076731121393354,0
59,BIAS,-0.01190503446912048,0
60,Age,-0.07316787322651427,42.71629549906002
60,SibSp,0.0687606180682384,0
60,Parch,0.08753430806994913,0
60,Fare,1.259552075059618,30.5
60,Pclass_X2,0.056560336719575756,0
60,Pclass_X3,0.23614584237847266,0
60,Sex_male,-1.1087513235354307,1
60,Embarked_Q,0.006056247757196877,0
60,Embarked_S,-0.06592326068600904,1
60,BIAS,-0.01190503446912048,0
61,Age,0.13079480439250746,19
61,SibSp,0.030986112622962005,0
61,Parch,0.011309996082217088,0
61,Fare,-1.7066472688804937,0
61,Pclass_X2,0.026579385445352013,0
61,Pclass_X3,-0.2051135824927386,1
61,Sex_male,-1.4041726234306875,1
61,Embarked_Q,0.015678491324197782,0
61,Embarked_S,-0.3577389189175683,1
61,BIAS,-0.01190503446912048,0
62,Age,-0.12020712482807497,18
62,SibSp,-0.23679468269292756,2
62,Parch,-0.08121183555386526,2
62,Fare,0.03214626041628489,262.375
62,Pclass_X2,0.03051885652500002,0
62,Pclass_X3,0.6362466729718932,0
62,Sex_male,2.196093710107655,0
62,Embarked_Q,0.0065077621051526984,0
62,Embarked_S,0.17011228964389996,0
62,BIAS,-0.01190503446912048,0
63,Age,0.29781302198975024,27
63,SibSp,0.07563788625620184,0
63,Parch,0.010864234794336344,0
63,Fare,-0.3100941699770563,7.8958
63,Pclass_X2,0.08821708050413368,0
63,Pclass_X3,-0.2070766841637752,1
63,Sex_male,-1.046874770294919,1
63,Embarked_Q,0.006093784681990879,0
63,Embarked_S,-0.1532625451173646,1
63,BIAS,-0.01190503446912048,0
64,Age,-0.1772488774954108,22
64,SibSp,-0.028790690791534092,1
64,Parch,-0.04961230738348085,1
64,Fare,0.15175694555211167,29
64,Pclass_X2,-0.13243878682958637,1
64,Pclass_X3,0.8498670301476756,0
64,Sex_male,2.2850403421588146,0
64,Embarked_Q,0.003559270209001784,0
64,Embarked_S,-0.0892771141589817,1
64,BIAS,-0.01190503446912048,0
65,Age,-0.9792177670249698,27.415930487859754
65,SibSp,0.029870803338602054,0
65,Parch,0.0066099857327202565,0
65,Fare,-0.4862303579543437,7.8958
65,Pclass_X2,0.034392498019016504,0
65,Pclass_X3,-0.21273192715093184,1
65,Sex_male,-1.2986778288042449,1
65,Embarked_Q,0.008194391407825654,0
65,Embarked_S,-0.14427377880464132,1
65,BIAS,-0.01190503446912048,0
66,Age,0.7028280539709811,15
66,SibSp,0.09745009404406312,1
66,Parch,-0.019769250571029802,1
66,Fare,-0.8896653455464305,7.2292
66,Pclass_X2,0.020649927842870425,0
66,Pclass_X3,-0.18036590060330893,1
66,Sex_male,-0.9770947459301033,1
66,Embarked_Q,0.07466560889404583,0
66,Embarked_S,0.5205778264792443,0
66,BIAS,-0.01190503446912048,0
67,Age,0.07359986341299914,25.893228203026325
67,SibSp,0.06057353489992065,0
67,Parch,0.010483168793516878,0
67,Fare,0.14714185656435957,7.8792
67,Pclass_X2,0.024462806927046773,0
67,Pclass_X3,-0.6488097333372044,1
67,Sex_male,1.8847559180630793,0
67,Embarked_Q,-0.006665809226436198,1
67,Embarked_S,0.400575185663881,0
67,BIAS,-0.01190503446912048,0
68,Age,-0.052879584470627,28.38539933724613
68,SibSp,0.04704281807386175,0
68,Parch,0.009394321798709769,0
68,Fare,0.1547592054261301,7.75
68,Pclass_X2,0.017822326130445213,0
68,Pclass_X3,-0.5850048483574484,1
68,Sex_male,2.097574005857381,0
68,Embarked_Q,-0.021670624503867236,1
68,Embarked_S,0.28301335386021215,0
68,BIAS,-0.01190503446912048,0
69,Age,0.2777387817379933,25
69,SibSp,0.3283695879496181,1
69,Parch,0.07533011130398329,0
69,Fare,1.4009740782928455,55.4417
69,Pclass_X2,0.17224018303015334,0
69,Pclass_X3,0.20499042068943607,0
69,Sex_male,-0.8870939571327668,1
69,Embarked_Q,0.01214642580976356,0
69,Embarked_S,0.27167638216111206,0
69,BIAS,-0.01190503446912048,0
70,Age,0.6464061264839822,27
70,SibSp,0.07250461691315173,0
70,Parch,-0.10663765308219118,2
70,Fare,0.7261193256213405,211.5
70,Pclass_X2,0.1667683038044935,0
70,Pclass_X3,0.19008228313354508,0
70,Sex_male,-0.977850732781099,1
70,Embarked_Q,0.01214642580976356,0
70,Embarked_S,0.21360924307936247,0
70,BIAS,-0.01190503446912048,0
71,Age,0.1666801128057479,19
71,SibSp,0.06723183680697258,0
71,Parch,0.009433667129136137,0
71,Fare,0.686391563098887,7.775
71,Pclass_X2,0.07453137896303108,0
71,Pclass_X3,-0.20925545503542053,1
71,Sex_male,-0.872797023590377,1
71,Embarked_Q,0.010683829225382477,0
71,Embarked_S,-0.13554311244727416,1
71,BIAS,-0.01190503446912048,0
72,Age,1.7814682670165471,1
72,SibSp,0.08728231494853429,0
72,Parch,-0.04035338376439846,2
72,Fare,0.10210460816513746,15.7417
72,Pclass_X2,0.0121457352171349,0
72,Pclass_X3,-0.591778655797706,1
72,Sex_male,0.7322788619455495,0
72,Embarked_Q,0.007579339278514532,0
72,Embarked_S,0.20607879859588168,0
72,BIAS,-0.01190503446912048,0
73,Age,0.015901664626933,35
73,SibSp,0.08798396400070872,1
73,Parch,0.03140022814544624,0
73,Fare,0.30555760218845934,52
73,Pclass_X2,0.017876146074818973,0
73,Pclass_X3,1.0223981031542402,0
73,Sex_male,2.253996544121477,0
73,Embarked_Q,0.003948444932831666,0
73,Embarked_S,-0.0740806072603831,1
73,BIAS,-0.01190503446912048,0
74,Age,0.11768879409637949,31
74,SibSp,0.057835734268097266,0
74,Parch,0.010291377951110809,0
74,Fare,0.4542901899162429,7.8542
74,Pclass_X2,0.010938523223689474,0
74,Pclass_X3,-0.7954762974041617,1
74,Sex_male,1.2678888405451523,0
74,Embarked_Q,0.004749281890497304,0
74,Embarked_S,-0.11629985172564787,1
74,BIAS,-0.01190503446912048,0
75,Age,-0.009645292629495124,46
75,SibSp,0.05217140073916639,0
75,Parch,0.010413052702863117,0
75,Fare,-0.44912939498088195,26
75,Pclass_X2,-0.15149147703900448,1
75,Pclass_X3,0.23219109053774076,0
75,Sex_male,-1.3156625834788298,1
75,Embarked_Q,0.008194391407825654,0
75,Embarked_S,-0.1151487814438841,1
75,BIAS,-0.01190503446912048,0
76,Age,-0.22905259024548907,28
76,SibSp,0.05766870990546754,0
76,Parch,0.007616382329476575,0
76,Fare,-0.27980713480716785,12.65
76,Pclass_X2,-0.08102890455547053,1
76,Pclass_X3,0.7264300541498653,0
76,Sex_male,2.80922291314243,0
76,Embarked_Q,0.004749281890497304,0
76,Embarked_S,-0.0725109973665834,1
76,BIAS,-0.01190503446912048,0
77,Age,-0.6951928632828897,28
77,SibSp,0.08520990148537395,1
77,Parch,0.011081467911551728,0
77,Fare,-0.6538320522393006,15.85
77,Pclass_X2,0.042314442718520195,0
77,Pclass_X3,-0.22122875451754825,1
77,Sex_male,-1.2720524792170482,1
77,Embarked_Q,0.008194391407825654,0
77,Embarked_S,-0.1973548213263699,1
77,BIAS,-0.01190503446912048,0
78,Age,0.38260715207415075,34
78,SibSp,0.04367142484539329,1
78,Parch,0.011777222887705382,0
78,Fare,-0.7099665668919594,21
78,Pclass_X2,-0.13758300586964184,1
78,Pclass_X3,0.22369373000775244,0
78,Sex_male,-1.3490221272191316,1
78,Embarked_Q,0.008194391407825654,0
78,Embarked_S,-0.14004803605639654,1
78,BIAS,-0.01190503446912048,0
79,Age,3.874213454159179,3
79,SibSp,0.12439008485493093,1
79,Parch,4.33800778527472e-4,1
79,Fare,-0.0843384334859354,18.75
79,Pclass_X2,-0.10000140570594734,1
79,Pclass_X3,0.17720925937993656,0
79,Sex_male,-0.6661072097647945,1
79,Embarked_Q,0.005591158099642521,0
79,Embarked_S,-0.0864093216151675,1
79,BIAS,-0.01190503446912048,0
80,Age,0.3689637336299666,9.466449091690588
80,SibSp,-1.0579635328045072,3
80,Parch,0.014642591355004203,1
80,Fare,-0.6123071602225278,25.4667
80,Pclass_X2,0.005907375869534395,0
80,Pclass_X3,-0.9480177523898934,1
80,Sex_male,1.3667852484648697,0
80,Embarked_Q,0.003719415280690761,0
80,Embarked_S,-0.25119648865982935,1
80,BIAS,-0.01190503446912048,0
81,Age,-0.21193155480422957,35.11828543744781
81,SibSp,0.02619084869905818,0
81,Parch,0.010709352695230018,0
81,Fare,-1.799717544435291,0
81,Pclass_X2,-0.03637026762081461,1
81,Pclass_X3,0.1836669515280509,0
81,Sex_male,-1.7219661019339776,1
81,Embarked_Q,0.01647037728399076,0
81,Embarked_S,-0.28130464562331225,1
81,BIAS,-0.01190503446912048,0
82,Age,-0.29852009355540143,35.45871259652999
82,SibSp,0.03994312820816741,0
82,Parch,0.008897050158017866,0
82,Fare,-0.30864686999304364,7.75
82,Pclass_X2,0.013305938917163963,0
82,Pclass_X3,-0.21491224616998933,1
82,Sex_male,-1.043781319564729,1
82,Embarked_Q,-0.08608114819040454,1
82,Embarked_S,0.2711281069923398,0
82,BIAS,-0.01190503446912048,0
83,Age,0.6230276390672737,32
83,SibSp,0.05206837611122994,0
83,Parch,0.0106504169790862,0
83,Fare,0.07523128406125353,8.05
83,Pclass_X2,-0.009844404880158156,0
83,Pclass_X3,-0.26847916319329024,1
83,Sex_male,-0.6710306938280857,1
83,Embarked_Q,0.008194391407825654,0
83,Embarked_S,-0.08143683650214688,1
83,BIAS,-0.01190503446912048,0
84,Age,-0.023216060457701023,50
84,SibSp,0.31681394607743735,1
84,Parch,0.07464713789807403,0
84,Fare,1.4725272569044345,55.9
84,Pclass_X2,0.05638980768045742,0
84,Pclass_X3,0.23135670125375768,0
84,Sex_male,-1.011098043257838,1
84,Embarked_Q,0.006056247757196877,0
84,Embarked_S,-0.09035076172036961,1
84,BIAS,-0.01190503446912048,0
85,Age,0.24562943073743998,14
85,SibSp,0.01946809051636414,1
85,Parch,-0.08063656574284662,2
85,Fare,0.42358752603808203,120
85,Pclass_X2,0.02254042453568011,0
85,Pclass_X3,0.9208162908086441,0
85,Sex_male,1.7403716297821206,0
85,Embarked_Q,0.003559270209001784,0
85,Embarked_S,-0.08674024469011878,1
85,BIAS,-0.01190503446912048,0
86,Age,-0.5471156653047838,64
86,SibSp,0.2049659711467664,1
86,Parch,-0.1935498785140091,4
86,Fare,0.9056955090129346,263
86,Pclass_X2,0.049469143744883065,0
86,Pclass_X3,0.2174409516032999,0
86,Sex_male,-1.1828280842277716,1
86,Embarked_Q,0.006056247757196877,0
86,Embarked_S,-0.08961281091343291,1
86,BIAS,-0.01190503446912048,0
87,Age,-0.06381306467753863,45
87,SibSp,0.04606366683008413,1
87,Parch,0.0022255885213968243,1
87,Fare,-0.4894714589079557,26.25
87,Pclass_X2,-0.08079314402717916,1
87,Pclass_X3,0.8347871012878034,0
87,Sex_male,2.316949058605578,0
87,Embarked_Q,0.004749281890497304,0
87,Embarked_S,-0.08353400735365933,1
87,BIAS,-0.01190503446912048,0
88,Age,-0.05959150240304764,25
88,SibSp,0.1452104314153591,1
88,Parch,0.013226623595681487,0
88,Fare,0.7139747082705203,7.775
88,Pclass_X2,0.10456184878166658,0
88,Pclass_X3,-0.21803225805981818,1
88,Sex_male,-0.762966621626276,1
88,Embarked_Q,0.010683829225382477,0
88,Embarked_S,-0.18769202707531174,1
88,BIAS,-0.01190503446912048,0
89,Age,-0.7856960434144615,27.13263604722832
89,SibSp,0.04418743345670956,0
89,Parch,0.0066099857327202565,0
89,Fare,-0.46572804883295027,8.1125
89,Pclass_X2,0.0479473832454076,0
89,Pclass_X3,-0.24729721608043104,1
89,Sex_male,-1.0931696238302788,1
89,Embarked_Q,0.008194391407825654,0
89,Embarked_S,-0.14878926629103092,1
89,BIAS,-0.01190503446912048,0
90,Age,-1.019280205570652,27.415930487859754
90,SibSp,0.022737935121587432,0
90,Parch,0.0066099857327202565,0
90,Fare,-0.47348212981794763,8.05
90,Pclass_X2,0.027489956921487074,0
90,Pclass_X3,-0.24661951605447346,1
90,Sex_male,-1.1205675786146747,1
90,Embarked_Q,0.008194391407825654,0
90,Embarked_S,-0.13913227516032137,1
90,BIAS,-0.01190503446912048,0
91,Age,-0.8913799291100117,65
91,SibSp,0.028669246483803798,0
91,Parch,0.08660392682654149,0
91,Fare,1.2758368069982753,26.55
91,Pclass_X2,0.03818377832813243,0
91,Pclass_X3,0.21818007394433706,0
91,Sex_male,-1.0308251283285081,1
91,Embarked_Q,0.006056247757196877,0
91,Embarked_S,-0.07016623312954626,1
91,BIAS,-0.01190503446912048,0
92,Age,-0.29643900765207404,38
92,SibSp,0.03466989265407542,0
92,Parch,0.009847453783202745,0
92,Fare,-0.18801173837261034,8.6625
92,Pclass_X2,-0.028441453201414356,0
92,Pclass_X3,-0.2729121172201299,1
92,Sex_male,-0.8701841777487059,1
92,Embarked_Q,0.008194391407825654,0
92,Embarked_S,-0.1032804605789977,1
92,BIAS,-0.01190503446912048,0
93,Age,1.376280391192309,9
93,SibSp,0.2102377219986994,1
93,Parch,0.006505490582130691,1
93,Fare,-0.11168082396146953,15.9
93,Pclass_X2,0.028154231360177168,0
93,Pclass_X3,-0.2023418459114375,1
93,Sex_male,-0.8235486554745387,1
93,Embarked_Q,0.006093784681990879,0
93,Embarked_S,-0.19643204995972813,1
93,BIAS,-0.01190503446912048,0
94,Age,-0.2250481616860788,21
94,SibSp,0.0325007511354313,0
94,Parch,0.010889311018098757,0
94,Fare,-0.533175216673849,7.25
94,Pclass_X2,0.021183594349075057,0
94,Pclass_X3,-0.21468074548010058,1
94,Sex_male,-1.2334057254393698,1
94,Embarked_Q,0.016507914208784762,0
94,Embarked_S,-0.38563659034691283,1
94,BIAS,-0.01190503446912048,0
95,Age,-0.669633932644513,21
95,SibSp,0.04390914551720229,0
95,Parch,0.007403804209007436,0
95,Fare,-0.19400272087509654,8.05
95,Pclass_X2,0.04669409949059183,0
95,Pclass_X3,-0.2635035530580865,1
95,Sex_male,-0.9573353003313178,1
95,Embarked_Q,0.006093784681990879,0
95,Embarked_S,-0.16150782966597035,1
95,BIAS,-0.01190503446912048,0
96,Age,-0.6713432477862715,27.002279041454898
96,SibSp,0.04522223238687806,0
96,Parch,0.006473081109056122,0
96,Fare,-0.8457968524683144,15.1
96,Pclass_X2,0.04666843796742447,0
96,Pclass_X3,-0.2438031073906059,1
96,Sex_male,-1.1905463673407704,1
96,Embarked_Q,0.008194391407825654,0
96,Embarked_S,-0.1752212749508138,1
96,BIAS,-0.01190503446912048,0
97,Age,-0.25999731952332367,37
97,SibSp,0.048398994895401476,0
97,Parch,0.010111903419471994,0
97,Fare,-0.25704454066558724,9.5875
97,Pclass_X2,0.0037411169520561146,0
97,Pclass_X3,-0.9853605644348878,1
97,Sex_male,1.5185385816616332,0
97,Embarked_Q,0.004749281890497304,0
97,Embarked_S,-0.11296190360481201,1
97,BIAS,-0.01190503446912048,0
98,Age,0.009733827477533336,16
98,SibSp,0.11734713552785336,0
98,Parch,0.025069624228557505,0
98,Fare,0.4410089343725587,86.5
98,Pclass_X2,0.03165431284109368,0
98,Pclass_X3,0.940667473909233,0
98,Sex_male,2.1820550735268527,0
98,Embarked_Q,0.003559270209001784,0
98,Embarked_S,-0.0798469645103619,1
98,BIAS,-0.01190503446912048,0
99,Age,-0.04225876854634052,29
99,SibSp,0.04262732496312509,0
99,Parch,0.0106504169790862,0
99,Fare,-0.37302824896108655,7.75
99,Pclass_X2,0.0615446491389901,0
99,Pclass_X3,-0.20226808921424594,1
99,Sex_male,-1.0169806254185882,1
99,Embarked_Q,-0.08608114819040454,1
99,Embarked_S,0.28850920367705163,0
99,BIAS,-0.01190503446912048,0
100,Age,0.7315255196182737,32
100,SibSp,0.05786157991047042,0
100,Parch,0.0106504169790862,0
100,Fare,0.13091849793017438,7.8958
100,Pclass_X2,-0.0029502247927126425,0
100,Pclass_X3,-0.2361631995562858,1
100,Sex_male,-0.8192969431411868,1
100,Embarked_Q,0.008194391407825654,0
100,Embarked_S,-0.07417282872941654,1
100,BIAS,-0.01190503446912048,0
101,Age,-0.11714770795774745,50
101,SibSp,0.05542063982919563,0
101,Parch,0.007893905177336395,0
101,Fare,-0.20521400386770655,10.5
101,Pclass_X2,-0.014966205841729944,1
101,Pclass_X3,0.7342512098826979,0
101,Sex_male,2.1281769535750628,0
101,Embarked_Q,0.004749281890497304,0
101,Embarked_S,-0.059768823350871164,1
101,BIAS,-0.01190503446912048,0
102,Age,-0.6843962821881897,23
102,SibSp,-0.15681575534230557,2
102,Parch,0.02924118269302474,1
102,Fare,-0.22223357339006197,11.5
102,Pclass_X2,-0.1552530188847178,1
102,Pclass_X3,0.20539075790008107,0
102,Sex_male,-1.5362274978662722,1
102,Embarked_Q,0.006093784681990879,0
102,Embarked_S,-0.1560919500454386,1
102,BIAS,-0.01190503446912048,0
103,Age,0.09622746122713983,45
103,SibSp,0.08749051479684222,0
103,Parch,0.08704065612559522,0
103,Fare,1.5373953336198025,26.55
103,Pclass_X2,0.08436393840756247,0
103,Pclass_X3,0.2500984750910806,0
103,Sex_male,-0.8222019591709167,1
103,Embarked_Q,0.006056247757196877,0
103,Embarked_S,-0.061694204073731676,1
103,BIAS,-0.01190503446912048,0
104,Age,0.25807172605016904,11
104,SibSp,-1.1142376197510868,4
104,Parch,-0.07425532697276954,2
104,Fare,-0.26244522503559925,31.275
104,Pclass_X2,0.012178315783950608,0
104,Pclass_X3,-1.0113140623973644,1
104,Sex_male,1.2336929487808763,0
104,Embarked_Q,0.00331179292288092,0
104,Embarked_S,-0.2355093846405114,1
104,BIAS,-0.01190503446912048,0
105,Age,9.578685546265757e-4,50
105,SibSp,0.3538054371535168,1
105,Parch,0.07464713789807403,0
105,Fare,1.0042383104454324,106.425
105,Pclass_X2,0.06369920372087835,0
105,Pclass_X3,0.21135404959415527,0
105,Sex_male,-1.061297989664359,1
105,Embarked_Q,0.016963413666027924,0
105,Embarked_S,0.2010930787960135,0
105,BIAS,-0.01190503446912048,0
106,Age,-0.12082335407559192,17
106,SibSp,0.03370087274852448,0
106,Parch,-0.10281580278876495,2
106,Fare,0.49792831729009623,110.8833
106,Pclass_X2,0.11190884058669581,0
106,Pclass_X3,0.2039121997861468,0
106,Sex_male,-1.233563076646659,1
106,Embarked_Q,0.01214642580976356,0
106,Embarked_S,0.20445641622788577,0
106,BIAS,-0.01190503446912048,0
107,Age,-0.16693064158907112,22
107,SibSp,0.028017014836373633,0
107,Parch,0.010889311018098757,0
107,Fare,-1.223072263481594,7.225
107,Pclass_X2,0.02556794161740844,0
107,Pclass_X3,-0.19777164365239291,1
107,Sex_male,-1.2886755877893408,1
107,Embarked_Q,0.06962028650468596,0
107,Embarked_S,0.5079963986598155,0
107,BIAS,-0.01190503446912048,0
108,Age,-0.8913799291100117,62
108,SibSp,0.028669246483803798,0
108,Parch,0.08660392682654149,0
108,Fare,1.2758368069982753,26.55
108,Pclass_X2,0.03818377832813243,0
108,Pclass_X3,0.21818007394433706,0
108,Sex_male,-1.0308251283285081,1
108,Embarked_Q,0.006056247757196877,0
108,Embarked_S,-0.07016623312954626,1
108,BIAS,-0.01190503446912048,0
109,Age,0.20502613878045628,40
109,SibSp,0.05855491996546158,0
109,Parch,0.009857639538029806,0
109,Fare,0.24787712670179232,7.8958
109,Pclass_X2,0.015333171510565648,0
109,Pclass_X3,-0.229989524169061,1
109,Sex_male,-0.9002068893700345,1
109,Embarked_Q,0.008194391407825654,0
109,Embarked_S,-0.0834726761335706,1
109,BIAS,-0.01190503446912048,0
110,Age,-0.3239454541881474,24
110,SibSp,-0.2244865118194645,2
110,Parch,0.012163459703883283,0
110,Fare,-0.280374411137871,24.15
110,Pclass_X2,0.041577103964605164,0
110,Pclass_X3,-0.254601521291603,1
110,Sex_male,-0.9599012026221442,1
110,Embarked_Q,0.006093784681990879,0
110,Embarked_S,-0.20708902445932478,1
110,BIAS,-0.01190503446912048,0
111,Age,-0.052879584470627,28.38539933724613
111,SibSp,0.04704281807386175,0
111,Parch,0.009394321798709769,0
111,Fare,0.1547592054261301,7.75
111,Pclass_X2,0.017822326130445213,0
111,Pclass_X3,-0.5850048483574484,1
111,Sex_male,2.097574005857381,0
111,Embarked_Q,-0.021670624503867236,1
111,Embarked_S,0.28301335386021215,0
111,BIAS,-0.01190503446912048,0
112,Age,-0.28685707318251746,35
112,SibSp,0.02262167586500537,0
112,Parch,0.011168952627428763,0
112,Fare,-1.7150255213301937,7.125
112,Pclass_X2,0.004659828292560685,0
112,Pclass_X3,-0.21864198905668247,1
112,Sex_male,-1.3750610794072626,1
112,Embarked_Q,0.01647037728399076,0
112,Embarked_S,-0.298369657824872,1
112,BIAS,-0.01190503446912048,0
113,Age,0.112868108253521,35
113,SibSp,0.08524099914037171,0
113,Parch,0.08684157588184355,0
113,Fare,1.6535864348767828,26.55
113,Pclass_X2,0.07850534372200943,0
113,Pclass_X3,0.27152873937036465,0
113,Sex_male,-0.8248513322991827,1
113,Embarked_Q,0.016963413666027924,0
113,Embarked_S,0.15855118704838375,0
113,BIAS,-0.01190503446912048,0
114,Age,-0.0683987614318804,28.92216970331107
114,SibSp,0.02705941480620102,0
114,Parch,0.011532334423425767,0
114,Fare,-1.8202710720121806,7.05
114,Pclass_X2,0.02546746199754351,0
114,Pclass_X3,-0.21550213481923422,1
114,Sex_male,-1.3580305254185014,1
114,Embarked_Q,0.01647037728399076,0
114,Embarked_S,-0.2969113616709284,1
114,BIAS,-0.01190503446912048,0
115,Age,0.9781470542321803,4
115,SibSp,-0.3281339411649765,2
115,Parch,-0.010850521748614866,1
115,Fare,-0.003910935243807932,39
115,Pclass_X2,-0.04862534684321988,1
115,Pclass_X3,0.8190840429093263,0
115,Sex_male,1.9671911757003602,0
115,Embarked_Q,0.0033114797239261248,0
115,Embarked_S,-0.07291323869700612,1
115,BIAS,-0.01190503446912048,0
116,Age,-0.7294266193006184,61
116,SibSp,-0.03751552244829022,0
116,Parch,0.040607466699487664,0
116,Fare,0.7380712035039069,32.3208
116,Pclass_X2,0.024497466727294442,0
116,Pclass_X3,0.23329371234102622,0
116,Sex_male,-1.33562481172764,1
116,Embarked_Q,0.006056247757196877,0
116,Embarked_S,-0.06980006422284525,1
116,BIAS,-0.01190503446912048,0
117,Age,0.018419980894777786,26
117,SibSp,0.06828250574159794,0
117,Parch,0.010901864030827282,0
117,Fare,-0.37383927170974224,7.8958
117,Pclass_X2,0.08079896490401776,0
117,Pclass_X3,-0.2077434024406357,1
117,Sex_male,-1.0738113057642527,1
117,Embarked_Q,0.006093784681990879,0
117,Embarked_S,-0.179409734631975,1
117,BIAS,-0.01190503446912048,0
118,Age,-0.7314061450336632,80
118,SibSp,0.026774235056349474,0
118,Parch,0.0870975787708954,0
118,Fare,1.1947620104690742,30
118,Pclass_X2,0.02736313325043233,0
118,Pclass_X3,0.23956585109728995,0
118,Sex_male,-1.2307946011641349,1
118,Embarked_Q,0.006056247757196877,0
118,Embarked_S,-0.06980006422284525,1
118,BIAS,-0.01190503446912048,0
119,Age,0.3089159010023149,32
119,SibSp,0.0710368631064612,0
119,Parch,0.08769860962219446,0
119,Fare,0.9890539512662894,30.5
119,Pclass_X2,0.05698680892808219,0
119,Pclass_X3,0.2554920217819463,0
119,Sex_male,-1.0477078066040182,1
119,Embarked_Q,0.016963413666027924,0
119,Embarked_S,0.1369038766161043,0
119,BIAS,-0.01190503446912048,0
120,Age,0.6922556890345536,31
120,SibSp,0.060237485070567136,1
120,Parch,-0.01125640987985597,1
120,Fare,-0.233515080523388,26.25
120,Pclass_X2,-0.23566279007127955,1
120,Pclass_X3,0.21982364615223735,0
120,Sex_male,-1.2191658759898114,1
120,Embarked_Q,0.008194391407825654,0
120,Embarked_S,-0.11355320944271796,1
120,BIAS,-0.01190503446912048,0
121,Age,1.189545924222155,2
121,SibSp,-1.3602621106060044,3
121,Parch,-0.056262456915035904,2
121,Fare,-0.33536013732651865,27.9
121,Pclass_X2,0.00976842005012553,0
121,Pclass_X3,-0.9419251512111334,1
121,Sex_male,0.5252160367902176,0
121,Embarked_Q,0.003148979578220257,0
121,Embarked_S,-0.2243763398414824,1
121,BIAS,-0.01190503446912048,0
122,Age,-0.15060005453165642,27.463352866958253
122,SibSp,0.010604945935028214,0
122,Parch,0.04207662025869086,0
122,Fare,1.7228580052153615,56.4958
122,Pclass_X2,0.09211292425312108,0
122,Pclass_X3,-0.2712541104114326,1
122,Sex_male,-0.5938969741992464,1
122,Embarked_Q,0.006056247757196877,0
122,Embarked_S,-0.09703776125325864,1
122,BIAS,-0.01190503446912048,0
123,Age,-0.7570250471411542,56
123,SibSp,-0.047841510910696314,0
123,Parch,0.040607466699487664,0
123,Fare,0.5413557498437328,35.5
123,Pclass_X2,0.026551143609913595,0
123,Pclass_X3,0.21402178581072206,0
123,Sex_male,-1.3264005378946542,1
123,Embarked_Q,0.016963413666027924,0
123,Embarked_S,0.16192661564613847,0
123,BIAS,-0.01190503446912048,0
124,Age,-0.9792177670249698,27.415930487859754
124,SibSp,0.029870803338602054,0
124,Parch,0.0066099857327202565,0
124,Fare,-0.4862303579543437,7.8958
124,Pclass_X2,0.034392498019016504,0
124,Pclass_X3,-0.21273192715093184,1
124,Sex_male,-1.2986778288042449,1
124,Embarked_Q,0.008194391407825654,0
124,Embarked_S,-0.14427377880464132,1
124,BIAS,-0.01190503446912048,0
125,Age,0.12745404318024187,18
125,SibSp,0.12448524858599304,0
125,Parch,0.007719885037643559,1
125,Fare,-0.43021862703705654,23
125,Pclass_X2,-0.10924145245759909,1
125,Pclass_X3,0.858467428884209,0
125,Sex_male,2.736161072694047,0
125,Embarked_Q,0.003966892566811624,0
125,Embarked_S,-0.10680218175718677,1
125,BIAS,-0.01190503446912048,0
126,Age,-0.9792177670249698,27.415930487859754
126,SibSp,0.029870803338602054,0
126,Parch,0.0066099857327202565,0
126,Fare,-0.4862303579543437,7.8958
126,Pclass_X2,0.034392498019016504,0
126,Pclass_X3,-0.21273192715093184,1
126,Sex_male,-1.2986778288042449,1
126,Embarked_Q,0.008194391407825654,0
126,Embarked_S,-0.14427377880464132,1
126,BIAS,-0.01190503446912048,0
127,Age,-6.373486366161394e-4,32
127,SibSp,0.06453925318247813,1
127,Parch,0.013631344921132028,1
127,Fare,0.0760471100862082,15.5
127,Pclass_X2,0.016492723450507233,0
127,Pclass_X3,-0.7512215234541832,1
127,Sex_male,1.5119493624076739,0
127,Embarked_Q,-0.009826536795223561,1
127,Embarked_S,0.2674235468754104,0
127,BIAS,-0.01190503446912048,0
128,Age,-0.8452452236348492,23
128,SibSp,0.03979190386637526,0
128,Parch,0.006934018521981627,0
128,Fare,-0.36437691184066967,13
128,Pclass_X2,-0.21467477331804546,1
128,Pclass_X3,0.21706405930419614,0
128,Sex_male,-1.5688613908594524,1
128,Embarked_Q,0.006093784681990879,0
128,Embarked_S,-0.16826862244324256,1
128,BIAS,-0.01190503446912048,0
129,Age,0.07768954180838183,50
129,SibSp,-0.3475276027601897,2
129,Parch,0.07467360147001438,0
129,Fare,1.029118653156018,133.65
129,Pclass_X2,0.044970630885301954,0
129,Pclass_X3,0.22307310960136473,0
129,Sex_male,-1.2052876561233825,1
129,Embarked_Q,0.006056247757196877,0
129,Embarked_S,-0.08911626613898017,1
129,BIAS,-0.01190503446912048,0
130,Age,-0.257484680441172,47
130,SibSp,0.03616416617343765,0
130,Parch,0.008305774156759052,0
130,Fare,-0.5091717065884885,25.5875
130,Pclass_X2,0.0029633131605945598,0
130,Pclass_X3,0.2500984750910806,0
130,Sex_male,-1.3228854516791153,1
130,Embarked_Q,0.008194391407825654,0
130,Embarked_S,-0.12435167114959446,1
130,BIAS,-0.01190503446912048,0
131,Age,-0.1779150701959531,20
131,SibSp,0.12818041726274101,1
131,Parch,0.00972856377386164,0
131,Fare,0.045203175812194775,7.925
131,Pclass_X2,0.0651578592728219,0
131,Pclass_X3,-0.21983524465791268,1
131,Sex_male,-0.941390275003909,1
131,Embarked_Q,0.006093784681990879,0
131,Embarked_S,-0.19893908417988207,1
131,BIAS,-0.01190503446912048,0
132,Age,0.3563917820194465,32
132,SibSp,-0.527410109785944,2
132,Parch,0.0752481687493731,0
132,Fare,0.8407096505975415,73.5
132,Pclass_X2,-0.17907590233090742,1
132,Pclass_X3,0.2356839644369146,0
132,Sex_male,-1.2877571140343889,1
132,Embarked_Q,0.006056247757196877,0
132,Embarked_S,-0.06961449008095716,1
132,BIAS,-0.01190503446912048,0
133,Age,-0.4152533402915253,25
133,SibSp,0.04861394132311617,0
133,Parch,0.010432078343801476,0
133,Fare,-0.20623436273999782,13
133,Pclass_X2,-0.33991079889253256,1
133,Pclass_X3,0.2203556798578804,0
133,Sex_male,-1.4519219714766427,1
133,Embarked_Q,0.006093784681990879,0
133,Embarked_S,-0.16989025637384303,1
133,BIAS,-0.01190503446912048,0
134,Age,-0.21193155480422957,35.11828543744781
134,SibSp,0.02619084869905818,0
134,Parch,0.010709352695230018,0
134,Fare,-1.799717544435291,0
134,Pclass_X2,-0.03637026762081461,1
134,Pclass_X3,0.1836669515280509,0
134,Sex_male,-1.7219661019339776,1
134,Embarked_Q,0.01647037728399076,0
134,Embarked_S,-0.28130464562331225,1
134,BIAS,-0.01190503446912048,0
135,Age,-0.07075527111965237,36
135,SibSp,0.027640125771667218,0
135,Parch,-0.09085183532177331,1
135,Fare,0.7738831535949349,512.3292
135,Pclass_X2,0.047504794457709894,0
135,Pclass_X3,0.21485154568261391,0
135,Sex_male,-1.1451799249238237,1
135,Embarked_Q,0.016963413666027924,0
135,Embarked_S,0.15987174698123582,0
135,BIAS,-0.01190503446912048,0
136,Age,-0.017418177934873384,18
136,SibSp,0.06789584746321424,0
136,Parch,0.009433667129136137,0
136,Fare,0.8073173334244099,7.7958
136,Pclass_X2,0.07453137896303108,0
136,Pclass_X3,-0.20825750446179503,1
136,Sex_male,-0.8895054252355161,1
136,Embarked_Q,0.006093784681990879,0
136,Embarked_S,-0.12178139047638353,1
136,BIAS,-0.01190503446912048,0
137,Age,1.6947425538818346,4
137,SibSp,0.0866841893325076,0
137,Parch,0.007093261287910191,1
137,Fare,-0.22490954123835577,13.4167
137,Pclass_X2,0.00760119684150583,0
137,Pclass_X3,-0.7089506326234156,1
137,Sex_male,0.8087658416442838,0
137,Embarked_Q,0.007579339278514532,0
137,Embarked_S,0.22346282090842526,0
137,BIAS,-0.01190503446912048,0
138,Age,0.03339349354053639,26
138,SibSp,0.07413754320912401,1
138,Parch,0.013226623595681487,0
138,Fare,0.2843646482310561,7.8542
138,Pclass_X2,0.09052737417377933,0
138,Pclass_X3,-0.19663762426746323,1
138,Sex_male,-0.8974081748727921,1
138,Embarked_Q,0.006093784681990879,0
138,Embarked_S,-0.18104286789455734,1
138,BIAS,-0.01190503446912048,0
139,Age,-0.08566039851430153,24
139,SibSp,0.10998026532569205,0
139,Parch,0.0249047902170631,0
139,Fare,0.18336027594081777,49.5042
139,Pclass_X2,0.033087405168073326,0
139,Pclass_X3,0.7969371031115485,0
139,Sex_male,2.3283815945948065,0
139,Embarked_Q,0.0065077621051526984,0
139,Embarked_S,0.17304995397383455,0
139,BIAS,-0.01190503446912048,0
140,Age,0.18480325476510348,19
140,SibSp,0.035541802103231816,0
140,Parch,0.011309996082217088,0
140,Fare,-0.874350872329622,7.65
140,Pclass_X2,0.026579385445352013,0
140,Pclass_X3,-0.2051135824927386,1
140,Sex_male,-1.2232313745987702,1
140,Embarked_Q,0.016507914208784762,0
140,Embarked_S,-0.38443792920953,1
140,BIAS,-0.01190503446912048,0
141,Age,0.36496464208610896,33
141,SibSp,0.07188421624604063,0
141,Parch,0.008897050158017866,0
141,Fare,0.7968246518207888,7.775
141,Pclass_X2,0.02933351701568517,0
141,Pclass_X3,-0.23668930106122862,1
141,Sex_male,-0.7082221447971256,1
141,Embarked_Q,0.012784435951217251,0
141,Embarked_S,-0.07376032215900932,1
141,BIAS,-0.01190503446912048,0
142,Age,1.1482655492971507,6
142,SibSp,0.14942428441006433,0
142,Parch,-0.003381555018398722,1
142,Fare,0.23698385859720314,33
142,Pclass_X2,-0.05346963666674262,1
142,Pclass_X3,0.8519597052054678,0
142,Sex_male,1.4335322515194804,0
142,Embarked_Q,0.0033114797239261248,0
142,Embarked_S,-0.06877037156779352,1
142,BIAS,-0.01190503446912048,0
143,Age,0.03616783383250725,30
143,SibSp,-0.8940540910281025,3
143,Parch,0.011547383338771674,0
143,Fare,-0.3491239391900153,21
143,Pclass_X2,-0.0613204496485781,1
143,Pclass_X3,0.7097769753468731,0
143,Sex_male,2.5195323510110486,0
143,Embarked_Q,0.004501804604376441,0
143,Embarked_S,-0.08260700061381329,1
143,BIAS,-0.01190503446912048,0
144,Age,-0.21193155480422957,35.11828543744781
144,SibSp,0.02619084869905818,0
144,Parch,0.010709352695230018,0
144,Fare,-1.799717544435291,0
144,Pclass_X2,-0.03637026762081461,1
144,Pclass_X3,0.1836669515280509,0
144,Sex_male,-1.7219661019339776,1
144,Embarked_Q,0.01647037728399076,0
144,Embarked_S,-0.28130464562331225,1
144,BIAS,-0.01190503446912048,0
145,Age,-0.07613364692729375,35
145,SibSp,-0.01888726255732609,0
145,Parch,0.04087627369842345,0
145,Fare,0.8684160800759078,512.3292
145,Pclass_X2,0.04643972704615183,0
145,Pclass_X3,0.21485154568261391,0
145,Sex_male,-1.1149205939948075,1
145,Embarked_Q,0.016963413666027924,0
145,Embarked_S,0.16205575317639528,0
145,BIAS,-0.01190503446912048,0
146,Age,-0.9792177670249698,27.415930487859754
146,SibSp,0.029870803338602054,0
146,Parch,0.0066099857327202565,0
146,Fare,-0.4862303579543437,7.8958
146,Pclass_X2,0.034392498019016504,0
146,Pclass_X3,-0.21273192715093184,1
146,Sex_male,-1.2986778288042449,1
146,Embarked_Q,0.008194391407825654,0
146,Embarked_S,-0.14427377880464132,1
146,BIAS,-0.01190503446912048,0
147,Age,-0.9792177670249698,27.415930487859754
147,SibSp,0.029870803338602054,0
147,Parch,0.0066099857327202565,0
147,Fare,-0.4862303579543437,7.8958
147,Pclass_X2,0.034392498019016504,0
147,Pclass_X3,-0.21273192715093184,1
147,Sex_male,-1.2986778288042449,1
147,Embarked_Q,0.008194391407825654,0
147,Embarked_S,-0.14427377880464132,1
147,BIAS,-0.01190503446912048,0
148,Age,0.3620976625860248,16
148,SibSp,0.11697674462413592,1
148,Parch,0.006505490582130691,1
148,Fare,-0.3883079341020955,20.25
148,Pclass_X2,0.08029489076464319,0
148,Pclass_X3,-0.22626197429388933,1
148,Sex_male,-0.9544156461008637,1
148,Embarked_Q,0.006093784681990879,0
148,Embarked_S,-0.23888625993159326,1
148,BIAS,-0.01190503446912048,0
149,Age,0.06993918371685591,19
149,SibSp,0.2833727850790599,1
149,Parch,0.0750258304081644,0
149,Fare,1.3911403068733683,53.1
149,Pclass_X2,0.12802676362002385,0
149,Pclass_X3,0.2215211795365837,0
149,Sex_male,-0.989397677234868,1
149,Embarked_Q,0.005264361797403899,0
149,Embarked_S,-0.10615554914630575,1
149,BIAS,-0.01190503446912048,0
150,Age,0.25885573329499556,31
150,SibSp,0.04825926438580337,0
150,Parch,0.0106504169790862,0
150,Fare,-0.41507459064871083,7.75
150,Pclass_X2,0.026036414991401545,0
150,Pclass_X3,-0.20469876488327685,1
150,Sex_male,-0.9541263226710133,1
150,Embarked_Q,-0.08608114819040454,1
150,Embarked_S,0.2293842862990766,0
150,BIAS,-0.01190503446912048,0
151,Age,0.02102314251371838,48
151,SibSp,0.07965853958314593,1
151,Parch,-0.07846415583439235,2
151,Fare,0.6161050929350419,65
151,Pclass_X2,-0.07196591338373,1
151,Pclass_X3,0.9922755669846156,0
151,Sex_male,2.0920982369407484,0
151,Embarked_Q,0.003948444932831666,0
151,Embarked_S,-0.0713417985685265,1
151,BIAS,-0.01190503446912048,0
152,Age,0.3305207325027553,34
152,SibSp,0.05075296691440058,0
152,Parch,0.008897050158017866,0
152,Fare,0.04134963872228719,8.05
152,Pclass_X2,-0.03319496183570677,0
152,Pclass_X3,-0.275938300284392,1
152,Sex_male,-0.7140075803477356,1
152,Embarked_Q,0.008194391407825654,0
152,Embarked_S,-0.08338535224973223,1
152,BIAS,-0.01190503446912048,0
153,Age,-0.0489632602531163,51
153,SibSp,0.11240601863280499,1
153,Parch,0.03130711182054083,0
153,Fare,0.6729060359239739,77.9583
153,Pclass_X2,0.017902960396170058,0
153,Pclass_X3,0.9756827139656238,0
153,Sex_male,1.9306165076408863,0
153,Embarked_Q,0.003948444932831666,0
153,Embarked_S,-0.07447717261642307,1
153,BIAS,-0.01190503446912048,0
154,Age,0.2790159586455369,48
154,SibSp,0.045286363966251283,0
154,Parch,0.007750360991925746,0
154,Fare,0.6941144876966284,7.8542
154,Pclass_X2,-7.738594617977663e-4,0
154,Pclass_X3,-0.21169390519370107,1
154,Sex_male,-0.7751513030380375,1
154,Embarked_Q,0.008194391407825654,0
154,Embarked_S,-0.08655754556187874,1
154,BIAS,-0.01190503446912048,0
155,Age,-0.38696205573438736,54
155,SibSp,0.04549151825318212,1
155,Parch,-0.02041457262758637,3
155,Fare,-0.6477779402341498,23
155,Pclass_X2,-0.05368633094913103,1
155,Pclass_X3,0.8200623388890569,0
155,Sex_male,2.5933600127589815,0
155,Embarked_Q,0.004749281890497304,0
155,Embarked_S,-0.08730768449762875,1
155,BIAS,-0.01190503446912048,0
156,Age,-0.12258378973849245,25
156,SibSp,0.029245285966855973,0
156,Parch,0.011614276978035964,0
156,Fare,-1.6817482577888003,7.05
156,Pclass_X2,0.03348518135701787,0
156,Pclass_X3,-0.21865931293194502,1
156,Sex_male,-1.3486188563334323,1
156,Embarked_Q,0.015678491324197782,0
156,Embarked_S,-0.3768525767319534,1
156,BIAS,-0.01190503446912048,0
157,Age,0.24332954878855562,9.466449091690588
157,SibSp,-1.1310139363509435,8
157,Parch,-0.07425532697276954,2
157,Fare,-0.15836102380328024,69.55
157,Pclass_X2,0.012143035264346607,0
157,Pclass_X3,-1.0116008611255596,1
157,Sex_male,1.1614493206578256,0
157,Embarked_Q,0.00331179292288092,0
157,Embarked_S,-0.2355093846405114,1
157,BIAS,-0.01190503446912048,0
158,Age,0.8312716475884478,34
158,SibSp,0.07709092887337297,0
158,Parch,0.008427264470992058,0
158,Fare,0.30300440157111697,13
158,Pclass_X2,-0.00338049390180634,1
158,Pclass_X3,0.2336841258710064,0
158,Sex_male,-1.1155673198927543,1
158,Embarked_Q,0.008194391407825654,0
158,Embarked_S,-0.07764730363241668,1
158,BIAS,-0.01190503446912048,0
159,Age,0.2509305817057078,27
159,SibSp,0.04063266547613561,0
159,Parch,0.011576647741545026,0
159,Fare,-1.8662121565144816,6.975
159,Pclass_X2,0.04035815533446811,0
159,Pclass_X3,-0.19659796086272968,1
159,Sex_male,-1.39837294766591,1
159,Embarked_Q,0.015678491324197782,0
159,Embarked_S,-0.3563736021479644,1
159,BIAS,-0.01190503446912048,0
160,Age,0.6381399625623777,31
160,SibSp,0.08022311525008503,0
160,Parch,0.0106504169790862,0
160,Fare,0.7759523302044075,7.775
160,Pclass_X2,0.03483708308341699,0
160,Pclass_X3,-0.22207468303094713,1
160,Sex_male,-0.6660437349700125,1
160,Embarked_Q,0.012784435951217251,0
160,Embarked_S,-0.0727941716247246,1
160,BIAS,-0.01190503446912048,0
161,Age,0.15090212182623397,18
161,SibSp,0.08917294372559374,0
161,Parch,0.010158179272405879,0
161,Fare,0.5664102101375629,7.775
161,Pclass_X2,0.02367783653697464,0
161,Pclass_X3,-0.7189351068720518,1
161,Sex_male,1.6690808789027962,0
161,Embarked_Q,0.005760765354064306,0
161,Embarked_S,-0.15050898594914897,1
161,BIAS,-0.01190503446912048,0
162,Age,-0.34868732790423956,23
162,SibSp,0.08028449143850974,0
162,Parch,0.00970886339551379,0
162,Fare,0.21849402612524316,7.925
162,Pclass_X2,0.016012535485505245,0
162,Pclass_X3,-0.812684709312247,1
162,Sex_male,2.0706847267417365,0
162,Embarked_Q,0.003966892566811624,0
162,Embarked_S,-0.1652010641753472,1
162,BIAS,-0.01190503446912048,0
163,Age,0.41966696567763423,31
163,SibSp,0.1182627293933662,1
163,Parch,-0.19052664905522051,1
163,Fare,0.019851480942685844,37.0042
163,Pclass_X2,-0.23277613996219343,1
163,Pclass_X3,0.2127459835819687,0
163,Sex_male,-1.2692207994422033,1
163,Embarked_Q,0.016963413666027924,0
163,Embarked_S,0.14388961318183674,0
163,BIAS,-0.01190503446912048,0
164,Age,2.4220097154629943,2
164,SibSp,-1.8699146188217934,4
164,Parch,-0.05416277823579615,1
164,Fare,0.006342222049774448,39.6875
164,Pclass_X2,0.01553514219919395,0
164,Pclass_X3,-0.239041932401792,1
164,Sex_male,-0.36171144242201814,1
164,Embarked_Q,0.00447479116385595,0
164,Embarked_S,-0.07801062160188968,1
164,BIAS,-0.01190503446912048,0
165,Age,-0.15060005453165642,27.463352866958253
165,SibSp,0.010604945935028214,0
165,Parch,0.04207662025869086,0
165,Fare,1.7228580052153615,56.4958
165,Pclass_X2,0.09211292425312108,0
165,Pclass_X3,-0.2712541104114326,1
165,Sex_male,-0.5938969741992464,1
165,Embarked_Q,0.006056247757196877,0
165,Embarked_S,-0.09703776125325864,1
165,BIAS,-0.01190503446912048,0
166,Age,3.3392106878227317,1
166,SibSp,0.11738749438616207,0
166,Parch,-0.042707278683149455,2
166,Fare,0.1065894886979115,37.0042
166,Pclass_X2,-0.10892134567556655,1
166,Pclass_X3,0.19087202527029012,0
166,Sex_male,-0.6867131410646536,1
166,Embarked_Q,0.010467538424122244,0
166,Embarked_S,0.12839246386250988,0
166,BIAS,-0.01190503446912048,0
167,Age,-0.3544551980595081,62
167,SibSp,0.03982329503710514,0
167,Parch,0.024791526185661317,0
167,Fare,0.5934563965006499,80
167,Pclass_X2,0.013719480388225298,0
167,Pclass_X3,0.8404406901227868,0
167,Sex_male,2.310143111511167,0
167,Embarked_Q,0.008106307744970065,NA
167,Embarked_S,0.13705378860703768,NA
167,BIAS,-0.01190503446912048,0
168,Age,-0.61286564675127575,23
168,SibSp,0.052044569244678776,0
168,Parch,0.007403804209007436,0
168,Fare,0.3665392513480446,7.8542
168,Pclass_X2,0.04681153116116347,0
168,Pclass_X3,-0.21882261802278247,1
168,Sex_male,-1.0370138701358182,1
168,Embarked_Q,0.006093784681990879,0
168,Embarked_S,-0.1521346939856365,1
168,BIAS,-0.01190503446912048,0
169,Age,-0.21471938345272687,28
169,SibSp,0.039815276804007545,0
169,Parch,-0.08473742929808208,1
169,Fare,1.0400299173100238,33
169,Pclass_X2,-0.36620867023988346,1
169,Pclass_X3,0.2307279831615287,0
169,Sex_male,-1.37249732792005,1
169,Embarked_Q,0.006056247757196877,0
169,Embarked_S,-0.07912843882703194,1
169,BIAS,-0.01190503446912048,0
170,Age,-0.1395472901777746,44
170,SibSp,0.046608917738393325,1
170,Parch,0.014260380182852785,0
170,Fare,-0.5165522634899047,26
170,Pclass_X2,-0.08079314402717916,1
170,Pclass_X3,0.8347871012878034,0
170,Sex_male,2.407184046117998,0
170,Embarked_Q,0.004749281890497304,0
170,Embarked_S,-0.08353400735365933,1
170,BIAS,-0.01190503446912048,0
171,Age,-0.23124072080054622,48
171,SibSp,0.05188466037610596,0
171,Parch,0.012883990150984827,0
171,Fare,-0.47909051560881283,25.9292
171,Pclass_X2,0.012910751525835679,0
171,Pclass_X3,0.8206438315912715,0
171,Sex_male,2.28581374662794,0
171,Embarked_Q,0.004749281890497304,0
171,Embarked_S,-0.08291579345420282,1
171,BIAS,-0.01190503446912048,0
172,Age,0.24332954878855562,9.466449091690588
172,SibSp,-1.1310139363509435,8
172,Parch,-0.07425532697276954,2
172,Fare,-0.15836102380328024,69.55
172,Pclass_X2,0.012143035264346607,0
172,Pclass_X3,-1.0116008611255596,1
172,Sex_male,1.1614493206578256,0
172,Embarked_Q,0.00331179292288092,0
172,Embarked_S,-0.2355093846405114,1
172,BIAS,-0.01190503446912048,0
173,Age,-0.2313407786881694,42
173,SibSp,0.05731931283974141,0
173,Parch,0.008360357221171257,0
173,Fare,-0.34276399749631337,13
173,Pclass_X2,-0.03954401784904153,1
173,Pclass_X3,0.7603948162803388,0
173,Sex_male,2.344908775743571,0
173,Embarked_Q,0.004749281890497304,0
173,Embarked_S,-0.061165162357101815,1
173,BIAS,-0.01190503446912048,0
174,Age,-0.018864911878317556,33
174,SibSp,0.026292049739400306,0
174,Parch,0.010709352695230018,0
174,Fare,-2.083041820528787,5
174,Pclass_X2,0.010134247609828171,0
174,Pclass_X3,0.19437099676133274,0
174,Sex_male,-1.707001415771753,1
174,Embarked_Q,0.01647037728399076,0
174,Embarked_S,-0.2813126480902192,1
174,BIAS,-0.01190503446912048,0
175,Age,0.10918588227669479,47
175,SibSp,0.027236809577015294,0
175,Parch,0.007740175237098683,0
175,Fare,-0.009088449455515459,9
175,Pclass_X2,-0.023999321616814312,0
175,Pclass_X3,-0.26298318783202296,1
175,Sex_male,-0.7951728677535261,1
175,Embarked_Q,0.008194391407825654,0
175,Embarked_S,-0.09877496498304675,1
175,BIAS,-0.01190503446912048,0
176,Age,0.32137721969216637,19
176,SibSp,0.049683349013450694,0
176,Parch,0.009433667129136137,0
176,Fare,-0.0068293073274515205,7.8958
176,Pclass_X2,0.059585895450814934,0
176,Pclass_X3,-0.21372586039191807,1
176,Sex_male,-0.9993801959056647,1
176,Embarked_Q,0.006093784681990879,0
176,Embarked_S,-0.14221877936452398,1
176,BIAS,-0.01190503446912048,0
177,Age,-0.841030136767397,28
177,SibSp,0.035172337581079766,0
177,Parch,0.0060134811768573744,0
177,Fare,-0.23461066587042825,10.5
177,Pclass_X2,-0.263110522125344,1
177,Pclass_X3,0.20842541336934267,0
177,Sex_male,-1.5283108835413108,1
177,Embarked_Q,0.008194391407825654,0
177,Embarked_S,-0.12317058764508831,1
177,BIAS,-0.01190503446912048,0
